{
 "id": "586e9c3f29e43b5c8b4b7679",
 "closed": true,
 "idList": "577167f59d3739f090f8fab2",
 "idShort": 310,
 "idChecklists": [],
 "labels": [
  {
   "id": "5771673884e677fd364b7221",
   "idBoard": "5771673855f47b547f2decc3",
   "name": "P3: Will get fixed eventually",
   "color": "green"
  }
 ],
 "shortUrl": "https://trello.com/c/0GcUsMFl",
 "data": {
  "system_settings": " Latest Canary on W10 x64",
  "actual_result": "No results are generated, even when there are links.",
  "expected_result": "The search should find all instances of that link.",
  "short_description": "Searching with links doesn't generate results",
  "steps_to_repro": "- Enter a channel with known links (eg twitch.tv) - Search \"twitch.tv\" (sans quotes) "
 }
}