{
 "id": "5b515628ee1cef2890b67619",
 "closed": false,
 "idList": "5b1874f39c86d88c1b6bf801",
 "idShort": 2341,
 "idChecklists": [],
 "labels": [
  {
   "id": "5771673884e677fd364b7221",
   "idBoard": "5771673855f47b547f2decc3",
   "name": "P3: Will get fixed eventually",
   "color": "green"
  },
  {
   "id": "59e5a2e56fd14f3240ea3389",
   "idBoard": "5771673855f47b547f2decc3",
   "name": "low",
   "color": "sky"
  }
 ],
 "shortUrl": "https://trello.com/c/0L06ligz",
 "data": {
  "system_settings": "Windows 10 Pro x64 v1803 Firefox Nightly v63.0a1",
  "client_settings": "Firefox Nightly v63.0a1",
  "actual_result": "It breaks the site and shows a white page.",
  "expected_result": "It should redirect to the homepage properly.",
  "short_description": "[Website Bug] Pressing the redirection link at the bottom of a 404 page breaks the site",
  "steps_to_repro": "- Go to a non-existent page - Click the Discord logo at the bottom"
 }
}