{
 "id": "5b402d4bfbeb7bdd7c2eb9d0",
 "closed": true,
 "idList": "57716787a06d09cf7e0dd1ca",
 "idShort": 2243,
 "idChecklists": [],
 "labels": [
  {
   "id": "59e5a2e56fd14f3240ea3389",
   "idBoard": "5771673855f47b547f2decc3",
   "name": "low",
   "color": "sky"
  },
  {
   "id": "5771673884e677fd364b7221",
   "idBoard": "5771673855f47b547f2decc3",
   "name": "P3: Will get fixed eventually",
   "color": "green"
  }
 ],
 "shortUrl": "https://trello.com/c/1aOU32Ys",
 "data": {
  "system_settings": "Windows 10 Home 64-bit (v1709)",
  "client_settings": "Discord Canary 0.0.211, Build 18317",
  "actual_result": "A duplicate Audit Log entry for the already created invite is made every time you press the button without having made any changes",
  "expected_result": "Either the button isn't able to be pressed unless you've changed one of the durations or pressing it doesn't generate a pointless Audit Log entry",
  "short_description": "Pressing Generate in the Invite modal while having not changed anything makes a pointless Audit Log entry",
  "steps_to_repro": "- Open the Invite modal of a server - Go into Edit invite link - Press the Generate a New Link button - Exit the modal and go into the server's Audit Logs to observe the two exact same log entries"
 }
}