{
 "id": "5ac8d415959a9ddef398a2ab",
 "closed": true,
 "idList": "580e822c24ce2ffdd624a43c",
 "idShort": 1807,
 "idChecklists": [],
 "labels": [
  {
   "id": "5771673884e677fd364b7221",
   "idBoard": "5771673855f47b547f2decc3",
   "name": "P3: Will get fixed eventually",
   "color": "green"
  },
  {
   "id": "59e5a2e56fd14f3240ea3389",
   "idBoard": "5771673855f47b547f2decc3",
   "name": "low",
   "color": "sky"
  }
 ],
 "shortUrl": "https://trello.com/c/1QCr535Z",
 "data": {
  "system_settings": "Windows 10 64-bit Professional Edition",
  "client_settings": "Discord Canary (13313)",
  "actual_result": "Embed is created with text, escaping the mardown (raw text)",
  "expected_result": "Discord creates and embed with text preview, where text is formatted according to the markdown presented.",
  "short_description": "When posting reddit link to a text post with mardown in it, the raw text is displayed in the embed preview, instead of formatted version",
  "steps_to_repro": "- Find reddit text post with mardown formatting in the beginning - Post the link of that post in Discord"
 }
}