{
 "id": "588b851325425c7a44e563a2",
 "closed": true,
 "idList": "581286a2c1e6cd4831c862ca",
 "idShort": 355,
 "idChecklists": [],
 "labels": [
  {
   "id": "5771673884e677fd364b7222",
   "idBoard": "5771673855f47b547f2decc3",
   "name": "P2: Fix can wait a while",
   "color": "yellow"
  }
 ],
 "shortUrl": "https://trello.com/c/1zG6m3Ow",
 "data": {
  "system_settings": " Win 10 x64, discord canary (no betterdiscord)",
  "actual_result": "The message appears to be sent on the current client, but not on any other",
  "expected_result": "The message can be sent regardless of the number of emotes in it",
  "short_description": "Message does not actually send if it contains a high amount of custom emotes",
  "steps_to_repro": "- Join a server with custom emotes in it - Send a message with 100 custom emotes in it - Note the message appears to be sent - Login on another client - Notice the message was not sent "
 }
}