{
 "id": "59904697f10f15ce9eb69efc",
 "closed": true,
 "idList": "577167f59d3739f090f8fab2",
 "idShort": 985,
 "idChecklists": [],
 "labels": [],
 "shortUrl": "https://trello.com/c/1ZOWxVQ4",
 "data": {
  "system_settings": "Windows 10 Home x64",
  "client_settings": "Discord Canary 0.0.163",
  "actual_result": "the entire screen box loads forever",
  "expected_result": "you can screenshare entire screen",
  "short_description": "can't screenshare entire screen",
  "steps_to_repro": "- Join a video chat call- screenshare entire screen - screenshare any application window- switch back to entire screen"
 }
}