{
 "id": "5c3693d961febd43b46ec3ca",
 "closed": false,
 "idList": "57716787a06d09cf7e0dd1ca",
 "idShort": 3610,
 "idChecklists": [],
 "labels": [
  {
   "id": "5771673884e677fd364b7221",
   "idBoard": "5771673855f47b547f2decc3",
   "name": "P3: Will get fixed eventually",
   "color": "green"
  },
  {
   "id": "59e5a2e56fd14f3240ea3389",
   "idBoard": "5771673855f47b547f2decc3",
   "name": "low",
   "color": "sky"
  }
 ],
 "shortUrl": "https://trello.com/c/2bs20Ntv",
 "data": {
  "system_settings": "Windows 10 Home // Build 1809",
  "client_settings": "Discord Canary 30652 with App Version: 0.0.226",
  "actual_result": "Client moves around with no methodology and can sometimes push the client outside of the bounds of the embed (counterintuitive)",
  "expected_result": "Client window should move around if needed to maintain view of the edited embed",
  "short_description": "Having an embed from a bot be edited scrolls your client up/down randomly",
  "steps_to_repro": "- Make a bot send an embed - Send some gap space, 4-5 messages below the embed - Have the bot edit the embed with different text of varying number of lines (length) - Observe."
 }
}