{
 "id": "5a395b42e746e9be516411cc",
 "closed": true,
 "idList": "57716787a06d09cf7e0dd1ca",
 "idShort": 1479,
 "idChecklists": [],
 "labels": [
  {
   "id": "5771673884e677fd364b7221",
   "idBoard": "5771673855f47b547f2decc3",
   "name": "P3: Will get fixed eventually",
   "color": "green"
  },
  {
   "id": "59e5a2e56fd14f3240ea3389",
   "idBoard": "5771673855f47b547f2decc3",
   "name": "low",
   "color": "sky"
  }
 ],
 "shortUrl": "https://trello.com/c/2BskgKam",
 "data": {
  "system_settings": "web",
  "client_settings": "UI language Chinese, Japanese being tried",
  "actual_result": "string not translated",
  "expected_result": "string translated like on android platforn",
  "short_description": "lack of i18n of #deleted-channel while it have been i18n-ed on android client as #invalid-channel",
  "steps_to_repro": "- Read a message include link to a channel that have been deleted - Use Traditional Chinese Interface - On Android, the string deleted-channel would have be translated (as invalid-channel ?) - On desktop it would not"
 }
}