{
 "id": "5ae4663e8c3ea9ab02f55c8e",
 "closed": true,
 "idList": "5771678de6092759049c939f",
 "idShort": 1901,
 "idChecklists": [],
 "labels": [
  {
   "id": "59e5a2e56fd14f3240ea3389",
   "idBoard": "5771673855f47b547f2decc3",
   "name": "low",
   "color": "sky"
  },
  {
   "id": "5771673884e677fd364b7221",
   "idBoard": "5771673855f47b547f2decc3",
   "name": "P3: Will get fixed eventually",
   "color": "green"
  }
 ],
 "shortUrl": "https://trello.com/c/2pedwGwF",
 "data": {
  "system_settings": "Windows 8.1 Pro, x86",
  "client_settings": "[BUILD INFO] Release Channel: canary, Build Number: 14281",
  "actual_result": "You will see \"None\" title.",
  "expected_result": "There should be Kosovo (+383).",
  "short_description": "Kosovo is not listed in Phone Number setting",
  "steps_to_repro": "- Go to User Settings > My Account > SMS Backup Authentication - Open \"Enter a Phone Number\" tab - Click country code to search Kosovo - See \"None\""
 }
}