{
 "id": "5acdbf9be88b7e1e871407d2",
 "closed": true,
 "idList": "580e822c24ce2ffdd624a43c",
 "idShort": 1831,
 "idChecklists": [],
 "labels": [
  {
   "id": "5771673884e677fd364b7221",
   "idBoard": "5771673855f47b547f2decc3",
   "name": "P3: Will get fixed eventually",
   "color": "green"
  },
  {
   "id": "59e5a2e56fd14f3240ea3389",
   "idBoard": "5771673855f47b547f2decc3",
   "name": "low",
   "color": "sky"
  }
 ],
 "shortUrl": "https://trello.com/c/2weyBvYE",
 "data": {
  "system_settings": "Windows 10 Version 1709 OS build 16299.33",
  "client_settings": "Release Channel: stable, Build Number: 13346",
  "actual_result": "when user send it as a link a full thumbnail appears as normal however if you send in a rich embed image tag it will ALWAYS render as a poop and give 412 and/or 502 in the network tab",
  "expected_result": "it should render the same in both rich embed and normal user sending message",
  "short_description": "gif embeds with user but not rich embed (in image tag)",
  "steps_to_repro": "- send a gif (of imgur where its actually stored as gifv heres a cat gif one https://i.imgur.com/2n1IvgN.gif as a person embed will work how ever send in in a rich embed image tag and wont"
 }
}