{
 "id": "5a160a11c4604eba012044d8",
 "closed": true,
 "idList": "57716787a06d09cf7e0dd1ca",
 "idShort": 1393,
 "idChecklists": [],
 "labels": [
  {
   "id": "5771673884e677fd364b7221",
   "idBoard": "5771673855f47b547f2decc3",
   "name": "P3: Will get fixed eventually",
   "color": "green"
  },
  {
   "id": "59e63698ba5129f6b9a75d0b",
   "idBoard": "5771673855f47b547f2decc3",
   "name": "Mid",
   "color": "lime"
  },
  {
   "id": "5a5e4e52a98b2a3803ca5454",
   "idBoard": "5771673855f47b547f2decc3",
   "name": "Q1",
   "color": null
  }
 ],
 "shortUrl": "https://trello.com/c/2WNLcmES",
 "data": {
  "system_settings": "Windows 7 Ultimate, x64 bit",
  "client_settings": "Canary, Build Number: 6372",
  "actual_result": "Both will turn on and it still is on screen sharing",
  "expected_result": "Screen sharing turned off and Camera is used",
  "short_description": "Group DM Camera Button Unresponsive",
  "steps_to_repro": "- Start a group DM Call - Turn on Screen Sharing - Go outside of the Group DM so you will see the video in a small box at the corner - Turn on your camera"
 }
}