{
 "id": "5a5f5f33b94fd797f7876a43",
 "closed": false,
 "idList": "57716787a06d09cf7e0dd1ca",
 "idShort": 1554,
 "idChecklists": [],
 "labels": [
  {
   "id": "5771673884e677fd364b7222",
   "idBoard": "5771673855f47b547f2decc3",
   "name": "P2: Fix can wait a while",
   "color": "yellow"
  },
  {
   "id": "59e5a2e56fd14f3240ea3389",
   "idBoard": "5771673855f47b547f2decc3",
   "name": "low",
   "color": "sky"
  }
 ],
 "shortUrl": "https://trello.com/c/3BQ1Z7qi",
 "data": {
  "system_settings": "Windows 10 (64 bit), Version 1703",
  "client_settings": "Desktop Canary 0.0.197",
  "actual_result": "Message is visible",
  "expected_result": "Message is hidden or masked",
  "short_description": "Recent Mentions doesn't mask NSFW channel messages even when you haven't confirmed your age",
  "steps_to_repro": "- Get mentioned in a NSFW channel you haven't confirmed your age for - Open the recent mentions popup"
 }
}