{
 "id": "5bad26799f5fea8a0c11df01",
 "closed": true,
 "idList": "57716787a06d09cf7e0dd1ca",
 "idShort": 3046,
 "idChecklists": [],
 "labels": [
  {
   "id": "5771673884e677fd364b7221",
   "idBoard": "5771673855f47b547f2decc3",
   "name": "P3: Will get fixed eventually",
   "color": "green"
  },
  {
   "id": "59e5a2e56fd14f3240ea3389",
   "idBoard": "5771673855f47b547f2decc3",
   "name": "low",
   "color": "sky"
  }
 ],
 "shortUrl": "https://trello.com/c/3gKgz0Ae",
 "data": {
  "system_settings": "Windows 10 Home x64 (1803)",
  "client_settings": "Discord Canary Build 24777",
  "actual_result": "The button says 'Connect to Spotify' as if you've never connected your account before",
  "expected_result": "The button should say 'Play on Spotify' if you have your Spotify account already connected",
  "short_description": "In the Overlay, when viewing someone with a Spotify status' miniprofile, it says 'Connect Spotify'",
  "steps_to_repro": "- Have a Spotify account connected to your Discord account - Start a game with Overlay - Start the overlay - Get someone with an active Spotify RP status - Open their miniprofile"
 }
}