{
 "id": "5935ccb4bed0b8a92b3ffc31",
 "closed": true,
 "idList": "57716787a06d09cf7e0dd1ca",
 "idShort": 722,
 "idChecklists": [],
 "labels": [
  {
   "id": "5771673884e677fd364b7221",
   "idBoard": "5771673855f47b547f2decc3",
   "name": "P3: Will get fixed eventually",
   "color": "green"
  }
 ],
 "shortUrl": "https://trello.com/c/52yPOTUU",
 "data": {
  "system_settings": "Windows 10 x64",
  "client_settings": "Discord Canary 0.0.155",
  "actual_result": "they are",
  "expected_result": "shared servers arent shown",
  "short_description": "user already in server is shown in the invite menu",
  "steps_to_repro": "- have a user in a invitable server that you share with them - switch to a different server that you share with them - right click that user username or profile - go to the invite section"
 }
}