{
 "id": "59e718c3e16723e09cd9310b",
 "closed": true,
 "idList": "577167f59d3739f090f8fab2",
 "idShort": 1283,
 "idChecklists": [],
 "labels": [
  {
   "id": "5771673884e677fd364b7221",
   "idBoard": "5771673855f47b547f2decc3",
   "name": "P3: Will get fixed eventually",
   "color": "green"
  }
 ],
 "shortUrl": "https://trello.com/c/5PCMEMiS",
 "data": {
  "system_settings": "Windows 10 Pro 64-bit (Build 1607)",
  "client_settings": "Discord Canary 0.0.165 (Build 6015)",
  "actual_result": "It's colliding with the chat box and it looks like it's inside it somehow",
  "expected_result": "It shouldn't collide with the chat box",
  "short_description": "The \"You're viewing older messages\" is colliding with the chat box",
  "steps_to_repro": "- Go to a channel with a lot of messages - Scroll for a good while to older messages"
 }
}