{
 "id": "5c26be8835a2525309edcc18",
 "closed": false,
 "idList": "57716787a06d09cf7e0dd1ca",
 "idShort": 3552,
 "idChecklists": [],
 "labels": [
  {
   "id": "5771673884e677fd364b7221",
   "idBoard": "5771673855f47b547f2decc3",
   "name": "P3: Will get fixed eventually",
   "color": "green"
  },
  {
   "id": "59e5a2e56fd14f3240ea3389",
   "idBoard": "5771673855f47b547f2decc3",
   "name": "low",
   "color": "sky"
  }
 ],
 "shortUrl": "https://trello.com/c/5XCJtCdX",
 "data": {
  "system_settings": "Windows 7 Pro 64bits (build 7601)",
  "client_settings": "Desktop Canary & PTB & Stable 30302",
  "actual_result": "It does not; other 2-letters strings have the same behavior across all clients, some longer strings are client-specific",
  "expected_result": "The cursor goes left",
  "short_description": "The emoji picker searchbar does not handle arrow keys when searching some strings",
  "steps_to_repro": "- Open the emoji picker - type `ll` - hit the left arrow"
 }
}