{
 "id": "5b4e834b87b8771b0fe1565c",
 "closed": true,
 "idList": "581286a2c1e6cd4831c862ca",
 "idShort": 2297,
 "idChecklists": [],
 "labels": [],
 "shortUrl": "https://trello.com/c/6BTlqSGS",
 "data": {
  "system_settings": "Windows 10 Pro 64-bit (1803)",
  "client_settings": "Discord Canary 0.0.211 (19040)",
  "actual_result": "It's misaligned",
  "expected_result": "It should not be misaligned",
  "short_description": "The pin notification dot is misaligned over the pin button",
  "steps_to_repro": "- Get a pin notification by someone pinning a message - Observe the dot being misaligned"
 }
}