{
 "id": "59928131c4a3908b21a7625e",
 "closed": true,
 "idList": "57716787a06d09cf7e0dd1ca",
 "idShort": 991,
 "idChecklists": [],
 "labels": [
  {
   "id": "5771673884e677fd364b7221",
   "idBoard": "5771673855f47b547f2decc3",
   "name": "P3: Will get fixed eventually",
   "color": "green"
  },
  {
   "id": "59e5a2e56fd14f3240ea3389",
   "idBoard": "5771673855f47b547f2decc3",
   "name": "low",
   "color": "sky"
  },
  {
   "id": "5a5e4e52a98b2a3803ca5454",
   "idBoard": "5771673855f47b547f2decc3",
   "name": "Q1",
   "color": null
  }
 ],
 "shortUrl": "https://trello.com/c/6lo6mwnA",
 "data": {
  "system_settings": "Windows 10 64-bit",
  "client_settings": "0.0.298 Public Build/Stable Build",
  "actual_result": "The screen will glitch out and turn green and glitch.",
  "expected_result": "It should go full screen",
  "short_description": "Screen share glitches out and turns green when you fullscreen",
  "steps_to_repro": "- Screen share, click yourself, and fullscreen. Step 2 - Wait a few seconds."
 }
}