{
 "id": "5bc3ac426bdd088541ca18ba",
 "closed": false,
 "idList": "5b47dde20d51e9100dd6c0f0",
 "idShort": 3183,
 "idChecklists": [],
 "labels": [
  {
   "id": "5771673884e677fd364b7221",
   "idBoard": "5771673855f47b547f2decc3",
   "name": "P3: Will get fixed eventually",
   "color": "green"
  },
  {
   "id": "59e5a2e56fd14f3240ea3389",
   "idBoard": "5771673855f47b547f2decc3",
   "name": "low",
   "color": "sky"
  }
 ],
 "shortUrl": "https://trello.com/c/6lrkE5Gt",
 "data": {
  "system_settings": "Windows 10 64x 1809",
  "client_settings": "Canary 26016 (0.0.215)",
  "actual_result": "Arrow is aligned incorrectly",
  "expected_result": "Arrow is Aligned correctly",
  "short_description": "[Overlay] GAME supports game invites arrow isn't correctly placed!",
  "steps_to_repro": "- Open overlay with a game that support invites that you've never dismissed this for. (A clean install of discord is effective method of getting this)"
 }
}