{
 "id": "58dd80af33e5fbaccceb0d04",
 "closed": true,
 "idList": "57716787a06d09cf7e0dd1ca",
 "idShort": 469,
 "idChecklists": [],
 "labels": [
  {
   "id": "5771673884e677fd364b7222",
   "idBoard": "5771673855f47b547f2decc3",
   "name": "P2: Fix can wait a while",
   "color": "yellow"
  }
 ],
 "shortUrl": "https://trello.com/c/6Ssb6VbD",
 "data": {
  "actual_result": "the copy button disappears the second time you right click",
  "expected_result": "the copy button appears both times",
  "short_description": "Copy button missing after first right click",
  "steps_to_repro": "- Right click the message again - "
 }
}