{
 "id": "5ad0f6488611ae2e84e8a2cb",
 "closed": true,
 "idList": "580e822c24ce2ffdd624a43c",
 "idShort": 1841,
 "idChecklists": [],
 "labels": [
  {
   "id": "5771673884e677fd364b7221",
   "idBoard": "5771673855f47b547f2decc3",
   "name": "P3: Will get fixed eventually",
   "color": "green"
  },
  {
   "id": "59e5a2e56fd14f3240ea3389",
   "idBoard": "5771673855f47b547f2decc3",
   "name": "low",
   "color": "sky"
  }
 ],
 "shortUrl": "https://trello.com/c/6xfcOIxy",
 "data": {
  "system_settings": "Windows 10 Home, v. 1709",
  "client_settings": "Discord Canary, Build Number: 13313 Version Hash: fa8d1a877bc13f374d4663d2932a7b6d1daab0f9",
  "actual_result": "You can accept the invite as much as you want",
  "expected_result": "It should show the loading screen for unavailable servers",
  "short_description": "If a server is not available and you're on that server, you can still join",
  "steps_to_repro": "- Be on a server that currently is not available (in a outage) - Try using the invite for that server"
 }
}