{
 "id": "5bd3703927c3d73c2b271a28",
 "closed": true,
 "idList": "577167f59d3739f090f8fab2",
 "idShort": 3289,
 "idChecklists": [],
 "labels": [
  {
   "id": "5771673884e677fd364b7223",
   "idBoard": "5771673855f47b547f2decc3",
   "name": "P1: Severe",
   "color": "orange"
  },
  {
   "id": "59e5a2e56fd14f3240ea3389",
   "idBoard": "5771673855f47b547f2decc3",
   "name": "low",
   "color": "sky"
  }
 ],
 "shortUrl": "https://trello.com/c/7grpgSvA",
 "data": {
  "system_settings": "Windows 10 Pro 64-bit (1809)",
  "client_settings": "Discord Canary 0.0.216 (27003)",
  "actual_result": "Dead embed",
  "expected_result": "It should embed properly and show cute bunnies",
  "short_description": "Imgur images does not embed on any client or in rich embeds (but gifs does)",
  "steps_to_repro": "- Just try to post a regular Imgur png, jpg or jpeg image - Observe the dead embed"
 }
}