{
 "id": "5b7607f27bb1cf2749f281c2",
 "closed": true,
 "idList": "57716787a06d09cf7e0dd1ca",
 "idShort": 2722,
 "idChecklists": [],
 "labels": [
  {
   "id": "5771673884e677fd364b7221",
   "idBoard": "5771673855f47b547f2decc3",
   "name": "P3: Will get fixed eventually",
   "color": "green"
  },
  {
   "id": "59e5a2e56fd14f3240ea3389",
   "idBoard": "5771673855f47b547f2decc3",
   "name": "low",
   "color": "sky"
  }
 ],
 "shortUrl": "https://trello.com/c/7mDcDRtj",
 "data": {
  "system_settings": "Windows 10 Pro x64",
  "client_settings": "Discord Canary 22036",
  "actual_result": "There is no separator but a lot of blank space",
  "expected_result": "There is a separator between the languages and the changelog",
  "short_description": "[90% Zoom] Separator between \"Language\" and \"Change Log\" in User Settings disappears",
  "steps_to_repro": "- get your client on 90% zoom (Ctrl+-) - Go to your User Settings - observe"
 }
}