{
 "id": "5c00c5b23972b081f3477e42",
 "closed": true,
 "idList": "57716787a06d09cf7e0dd1ca",
 "idShort": 3454,
 "idChecklists": [],
 "labels": [
  {
   "id": "5771673884e677fd364b7221",
   "idBoard": "5771673855f47b547f2decc3",
   "name": "P3: Will get fixed eventually",
   "color": "green"
  },
  {
   "id": "59e63698ba5129f6b9a75d0b",
   "idBoard": "5771673855f47b547f2decc3",
   "name": "Mid",
   "color": "lime"
  }
 ],
 "shortUrl": "https://trello.com/c/7RUisX5t",
 "data": {
  "system_settings": "Windows 10 Home 64-bit (v1803)",
  "client_settings": "Discord Canary 0.0.224, Build 28642",
  "actual_result": "The text is darkened, making it poorly visible, and Nelly's image appears white themed",
  "expected_result": "The crash screen should be identical to the Dark Theme's",
  "short_description": "Elements of White Theme's crash screen aren't correctly coloured",
  "steps_to_repro": "- Set your client theme to White Theme - Have your client crash and observe the screen"
 }
}