{
 "id": "5b10af6972330bdfbd285161",
 "closed": true,
 "idList": "57716787a06d09cf7e0dd1ca",
 "idShort": 2084,
 "idChecklists": [],
 "labels": [
  {
   "id": "5771673884e677fd364b7221",
   "idBoard": "5771673855f47b547f2decc3",
   "name": "P3: Will get fixed eventually",
   "color": "green"
  },
  {
   "id": "59e63698ba5129f6b9a75d0b",
   "idBoard": "5771673855f47b547f2decc3",
   "name": "Mid",
   "color": "lime"
  }
 ],
 "shortUrl": "https://trello.com/c/88bdCIse",
 "data": {
  "system_settings": "Win 10 x64 v1803",
  "client_settings": "Released version, 16234",
  "actual_result": "discord starts up on main screen",
  "expected_result": "discord starts up on second screen",
  "short_description": "Discord doesn't remember its position",
  "steps_to_repro": "- drag discord app to 2nd screen - restart pc"
 }
}