{
 "id": "5b91b0e22ad83768fdd41e75",
 "closed": true,
 "idList": "57716787a06d09cf7e0dd1ca",
 "idShort": 2936,
 "idChecklists": [],
 "labels": [
  {
   "id": "5771673884e677fd364b7221",
   "idBoard": "5771673855f47b547f2decc3",
   "name": "P3: Will get fixed eventually",
   "color": "green"
  },
  {
   "id": "59e5a2e56fd14f3240ea3389",
   "idBoard": "5771673855f47b547f2decc3",
   "name": "low",
   "color": "sky"
  }
 ],
 "shortUrl": "https://trello.com/c/8DjsGr2K",
 "data": {
  "system_settings": "Windows 10 Home x64 (1803)",
  "client_settings": "Discord Canary Build 23191",
  "actual_result": "The message highlight unhighlights, but then becomes highlighted again",
  "expected_result": "The message should become unhighlighted",
  "short_description": "Clicking below the message line bar doesn't unhighlight text",
  "steps_to_repro": "- Type a message draft in any channel - Copy the message draft so that it is highlighted - Click above the chat bar, but below the line separating the last message sent - Observe"
 }
}