{
 "id": "5bb36315ac839573d6999c54",
 "closed": true,
 "idList": "57716787a06d09cf7e0dd1ca",
 "idShort": 3070,
 "idChecklists": [],
 "labels": [
  {
   "id": "5771673884e677fd364b7221",
   "idBoard": "5771673855f47b547f2decc3",
   "name": "P3: Will get fixed eventually",
   "color": "green"
  },
  {
   "id": "59e5a2e56fd14f3240ea3389",
   "idBoard": "5771673855f47b547f2decc3",
   "name": "low",
   "color": "sky"
  }
 ],
 "shortUrl": "https://trello.com/c/8j0rkt8M",
 "data": {
  "system_settings": "MacBook Pro 13\" (2016), macOS Mojave 10.14",
  "client_settings": "Canary Build 25202",
  "actual_result": "The slowmode info tooltip doesn't disappear",
  "expected_result": "The tooltip should disappear once you have removed your mouse from it.",
  "short_description": "Slowmode info tooltip doesn't disappear for the upload modal",
  "steps_to_repro": "- Go to a channel with slowmode being enabled (set it to a bigger time interval to notice the bug) - Make sure you don't have manage channels or manage messages permission - Send a message - Click on the \"+\" button to upload something - Mouseover the upload button - Remove your mouse from the button"
 }
}