{
 "id": "5c0063f4fe68828ea2680079",
 "closed": true,
 "idList": "57716787a06d09cf7e0dd1ca",
 "idShort": 3449,
 "idChecklists": [],
 "labels": [
  {
   "id": "5771673884e677fd364b7221",
   "idBoard": "5771673855f47b547f2decc3",
   "name": "P3: Will get fixed eventually",
   "color": "green"
  },
  {
   "id": "59e5a2e56fd14f3240ea3389",
   "idBoard": "5771673855f47b547f2decc3",
   "name": "low",
   "color": "sky"
  }
 ],
 "shortUrl": "https://trello.com/c/8nzvs4Yn",
 "data": {
  "system_settings": "Windows 10 Home 64-bit (v1803)",
  "client_settings": "Discord Canary 0.0.224, Build 28603",
  "actual_result": "The browser client opens",
  "expected_result": "The Connections section in your User Settings should open",
  "short_description": "Connect button opens the browser client while using Polish or Chinese",
  "steps_to_repro": "- Have your client language set to either Polish or Chinese - Have Manage Server permission in a server without any Integrations connected - Open the Server Settings of the server and go into Integrations - Click on the \"Connect\" button and observe"
 }
}