{
 "id": "59c9372b2ad5dd7a8def0530",
 "closed": true,
 "idList": "581286a2c1e6cd4831c862ca",
 "idShort": 1191,
 "idChecklists": [],
 "labels": [
  {
   "id": "5771673884e677fd364b7222",
   "idBoard": "5771673855f47b547f2decc3",
   "name": "P2: Fix can wait a while",
   "color": "yellow"
  },
  {
   "id": "59e5a2e56fd14f3240ea3389",
   "idBoard": "5771673855f47b547f2decc3",
   "name": "low",
   "color": "sky"
  }
 ],
 "shortUrl": "https://trello.com/c/8oQbzLeB",
 "data": {
  "system_settings": "Windows 10",
  "client_settings": "Desktop Stable Build 4817",
  "actual_result": "When you zoom in the spottily embed just disappears",
  "expected_result": "It's supposed to respond to the zoom and go larger no disappear",
  "short_description": "When I zoom in and out on Discord the spotify embed breaks",
  "steps_to_repro": "- Press Ctrl + - Press Ctrl + + - Press Ctrl + 0"
 }
}