{
 "id": "5b5b51587f70fa1467d5d5f2",
 "closed": true,
 "idList": "577167f59d3739f090f8fab2",
 "idShort": 2455,
 "idChecklists": [],
 "labels": [],
 "shortUrl": "https://trello.com/c/8S3FjFi8",
 "data": {
  "system_settings": "Windows 10 Build 17134",
  "client_settings": "Release Channel: canary, Build Number: 20044, Version Hash: aa617d3b075ba073c0837aa028c08ab88e286208",
  "actual_result": "Everything seems to launch and work as intended, but the voice chat icons show up as a protected/private chat",
  "expected_result": "The servers *should* show the voice chats like the main app shows them, displaying open voice chats as open",
  "short_description": "In the overlay, every server voice chat shows that it is a private voice channel (that you have access to)",
  "steps_to_repro": "- launch game of choice - press shift & ` to enter the overlay - go to server of choice - view voice chats"
 }
}