{
 "id": "5bd739c66d79fb52f909a326",
 "closed": true,
 "idList": "57716787a06d09cf7e0dd1ca",
 "idShort": 3305,
 "idChecklists": [],
 "labels": [
  {
   "id": "5771673884e677fd364b7221",
   "idBoard": "5771673855f47b547f2decc3",
   "name": "P3: Will get fixed eventually",
   "color": "green"
  },
  {
   "id": "59e63698ba5129f6b9a75d0b",
   "idBoard": "5771673855f47b547f2decc3",
   "name": "Mid",
   "color": "lime"
  }
 ],
 "shortUrl": "https://trello.com/c/9FaqkO8Z",
 "data": {
  "system_settings": "Windows 10 x64 LTSB 14393.2214 (1607)",
  "client_settings": "[BUILD INFO] Release Channel: stable, Build Number: 27050, Version Hash: 554093f0e731de0a82dafe3fb51493ad4c06aed8",
  "actual_result": "if you click on RTC Connection info, there is somehow eu-centralXXX",
  "expected_result": "if you click on RTC Connection Info, there should be russiaXXX",
  "short_description": "Wrong Region",
  "steps_to_repro": "- Call someone - Switch region to Russia"
 }
}