{
 "id": "5bd5ad4d87a22e594f92b2ac",
 "closed": false,
 "idList": "5b1874f39c86d88c1b6bf801",
 "idShort": 3296,
 "idChecklists": [],
 "labels": [
  {
   "id": "5771673884e677fd364b7221",
   "idBoard": "5771673855f47b547f2decc3",
   "name": "P3: Will get fixed eventually",
   "color": "green"
  },
  {
   "id": "59e5a2e56fd14f3240ea3389",
   "idBoard": "5771673855f47b547f2decc3",
   "name": "low",
   "color": "sky"
  }
 ],
 "shortUrl": "https://trello.com/c/9NOsdPEM",
 "data": {
  "system_settings": "MacBook Pro (13\", Mid-2012), macOS v10.14 (Mojave)",
  "client_settings": "Canary 20704 - Firefox v63.0 (64-bit)",
  "actual_result": "It fails.",
  "expected_result": "The Streamkit page should be able to connect to your Discord Client.",
  "short_description": "[Firefox Specific] The Streamkit page can't connect to your Discord Client when on Firefox.",
  "steps_to_repro": "- Open <discord main link>/streamkit. - Scroll down to the row of connections where XSplit and OBS are featured. - Click \"Connect to Discord\" on either one. - Click either of the \"Install for...\" buttons on the page that opens. - Wait a few seconds."
 }
}