{
 "id": "5bbcece0137c863fc51fb386",
 "closed": false,
 "idList": "57716787a06d09cf7e0dd1ca",
 "idShort": 3122,
 "idChecklists": [],
 "labels": [
  {
   "id": "5771673884e677fd364b7221",
   "idBoard": "5771673855f47b547f2decc3",
   "name": "P3: Will get fixed eventually",
   "color": "green"
  },
  {
   "id": "59e5a2e56fd14f3240ea3389",
   "idBoard": "5771673855f47b547f2decc3",
   "name": "low",
   "color": "sky"
  }
 ],
 "shortUrl": "https://trello.com/c/9tlh1dnO",
 "data": {
  "system_settings": "Windows 10 Home x64 1803",
  "client_settings": "Canary Build 25718",
  "actual_result": "The channel name ellipses too close to the dropdown arrow, causing the ellipses to disappear behind the arrow",
  "expected_result": "The channel name ellipses before reaching the dropdown arrow, so the ellipses is fully visible",
  "short_description": "Selecting a channel with a long name for a webhook causes the ellipses to disappear behind the dropdown arrow",
  "steps_to_repro": "- Go to a server where you can manage webhooks - Create a new webhook - Select a channel with a long name (I used one that created a second line in the channel selector modal) - Observe where the ellipses meets the dropdown arrow - Click on the arrow to open the channel selector modal and observe the ellipses, to verify that there are three dots there - Click the arrow again to close the dropdown menu, and observe the number of dots"
 }
}