{
 "id": "5ab5f5f6cc94b451d47447e7",
 "closed": true,
 "idList": "581286a2c1e6cd4831c862ca",
 "idShort": 1753,
 "idChecklists": [],
 "labels": [
  {
   "id": "5771673884e677fd364b7221",
   "idBoard": "5771673855f47b547f2decc3",
   "name": "P3: Will get fixed eventually",
   "color": "green"
  },
  {
   "id": "59e5a2e56fd14f3240ea3389",
   "idBoard": "5771673855f47b547f2decc3",
   "name": "low",
   "color": "sky"
  }
 ],
 "shortUrl": "https://trello.com/c/9ymcae50",
 "data": {
  "system_settings": "Windows 10 Home 64-bit (v1709)",
  "client_settings": "Discord Canary 0.0.204, Build 12608",
  "actual_result": "Bot tag gets cut-off or isn't even visible on really long username/nicknamed bots",
  "expected_result": "Bot tag appears on the right side of it fully visible",
  "short_description": "Bot tag gets cut-off on the Member List when a bot has a long username or nickname",
  "steps_to_repro": "- Find or give a bot a long username/nickname (Airhorn is a fine example) - View its name from the Member List"
 }
}