{
 "id": "5a6676f540404c16b858c458",
 "closed": true,
 "idList": "57716787a06d09cf7e0dd1ca",
 "idShort": 1574,
 "idChecklists": [],
 "labels": [
  {
   "id": "5771673884e677fd364b7221",
   "idBoard": "5771673855f47b547f2decc3",
   "name": "P3: Will get fixed eventually",
   "color": "green"
  },
  {
   "id": "59e5a0baa85872762cbe186c",
   "idBoard": "5771673855f47b547f2decc3",
   "name": "high",
   "color": "pink"
  }
 ],
 "shortUrl": "https://trello.com/c/a13aXCng",
 "data": {
  "system_settings": "Windows 10 Home x64",
  "client_settings": "Build 9631",
  "actual_result": "ESC presses are ignored until the game loses and regains focus.",
  "expected_result": "Hitting ESC the second time should close the game menu",
  "short_description": "Overlay can eat ESC key presses in league and overwatch",
  "steps_to_repro": "- Open overwatch or league - Open up the overlay - Right click out of the overlay to close it - Hit ESC to bring up a menu - Hit ESC a second time. The game should ignore the ESC until you click out of the game."
 }
}