{
 "id": "59246bc397fcc75e3d6b715e",
 "closed": true,
 "idList": "577167f59d3739f090f8fab2",
 "idShort": 669,
 "idChecklists": [],
 "labels": [
  {
   "id": "5771673884e677fd364b7222",
   "idBoard": "5771673855f47b547f2decc3",
   "name": "P2: Fix can wait a while",
   "color": "yellow"
  }
 ],
 "shortUrl": "https://trello.com/c/A1IwbnRm",
 "data": {
  "system_settings": "latest canary build on MacOS Sierra",
  "client_settings": "Client language is set to English US",
  "actual_result": "The keyboard-combos menu is displayed in the system language",
  "expected_result": "Language in the keyboard combos should be the same as set in the user settings",
  "short_description": "The language in the keyboard-combos menu is not the same as set in the personal settings",
  "steps_to_repro": "- Open your"
 }
}