{
 "id": "5ad756f15a64dc9fb0e99691",
 "closed": true,
 "idList": "57716787a06d09cf7e0dd1ca",
 "idShort": 1860,
 "idChecklists": [],
 "labels": [
  {
   "id": "5771673884e677fd364b7221",
   "idBoard": "5771673855f47b547f2decc3",
   "name": "P3: Will get fixed eventually",
   "color": "green"
  },
  {
   "id": "59e5a2e56fd14f3240ea3389",
   "idBoard": "5771673855f47b547f2decc3",
   "name": "low",
   "color": "sky"
  }
 ],
 "shortUrl": "https://trello.com/c/aihpsym3",
 "data": {
  "system_settings": "Windows 10 Home 64-bit (v1709)",
  "client_settings": "Discord Canary 0.0.204, Build 13817",
  "actual_result": "No error message is shown, the modal simply displays the Discord url without the invite code at the end",
  "expected_result": "An error message shown stating something along the lines of \"The maximum allowed invites to this server has been reached\"",
  "short_description": "No error message shown when trying to create a new invite to a server which has reached the max amount of invite creations",
  "steps_to_repro": "- Find a large server that has reached the max allowed invite creations - Attempt to create a new invite"
 }
}