{
 "id": "5b606ed4b58ab9bc57f0ae0d",
 "closed": false,
 "idList": "57716787a06d09cf7e0dd1ca",
 "idShort": 2536,
 "idChecklists": [],
 "labels": [
  {
   "id": "5771673884e677fd364b7221",
   "idBoard": "5771673855f47b547f2decc3",
   "name": "P3: Will get fixed eventually",
   "color": "green"
  },
  {
   "id": "59e5a2e56fd14f3240ea3389",
   "idBoard": "5771673855f47b547f2decc3",
   "name": "low",
   "color": "sky"
  }
 ],
 "shortUrl": "https://trello.com/c/aM1dzGJ8",
 "data": {
  "system_settings": "Windows 10 Home x64 (1803)",
  "client_settings": "Web Stable 20174 - EdgeHTML v17.17134 - Firefox v61.0.1",
  "actual_result": "The bot tag is only partially visible",
  "expected_result": "The name would be shortened more, and the bot tag would be fully visible",
  "short_description": "[Edge / Firefox] Bot tag gets cut off if the bot has a long username/nickname",
  "steps_to_repro": "- Open Discord on your browser (this was tested on Edge and Firefox) - Add a bot to your server, or you can use a bot already in your server for this - Nickname the bot at 32 characters - Observe the bot tag in the member list"
 }
}