{
 "id": "5b516790142eaab62db3c848",
 "closed": false,
 "idList": "5b1874f39c86d88c1b6bf801",
 "idShort": 2347,
 "idChecklists": [],
 "labels": [
  {
   "id": "5771673884e677fd364b7221",
   "idBoard": "5771673855f47b547f2decc3",
   "name": "P3: Will get fixed eventually",
   "color": "green"
  },
  {
   "id": "59e5a2e56fd14f3240ea3389",
   "idBoard": "5771673855f47b547f2decc3",
   "name": "low",
   "color": "sky"
  }
 ],
 "shortUrl": "https://trello.com/c/Ao6fmZII",
 "data": {
  "system_settings": "Windows 10 Pro x64 v1803 Firefox Nightly v63.0a1",
  "client_settings": "NA",
  "actual_result": "The remove button is shown and attempts to remove the default avatar.",
  "expected_result": "There shouldn't be a remove button.",
  "short_description": "[Website Bug] You can remove the default avatar for a bot account",
  "steps_to_repro": "- Go to an application with a bot account - Go to Bot - Click remove"
 }
}