{
 "id": "5ba9ac630d849653d4239112",
 "closed": false,
 "idList": "5b47dde20d51e9100dd6c0f0",
 "idShort": 3026,
 "idChecklists": [],
 "labels": [
  {
   "id": "5771673884e677fd364b7221",
   "idBoard": "5771673855f47b547f2decc3",
   "name": "P3: Will get fixed eventually",
   "color": "green"
  },
  {
   "id": "59e5a2e56fd14f3240ea3389",
   "idBoard": "5771673855f47b547f2decc3",
   "name": "low",
   "color": "sky"
  }
 ],
 "shortUrl": "https://trello.com/c/asyj5mDS",
 "data": {
  "system_settings": "Windows 10 Pro x64 Build v1803",
  "client_settings": "Canary Build 24580",
  "actual_result": "Copy ID option isn't shown",
  "expected_result": "Copy ID option should be shown at the bottom",
  "short_description": "Copy ID doesn't show up in the right click menu in Overlay",
  "steps_to_repro": "- Launch a game with Overlay - Right click a Server/Username/Message/Channel"
 }
}