{
 "id": "5b38002643176d72310afc28",
 "closed": true,
 "idList": "57716787a06d09cf7e0dd1ca",
 "idShort": 2226,
 "idChecklists": [],
 "labels": [
  {
   "id": "5771673884e677fd364b7221",
   "idBoard": "5771673855f47b547f2decc3",
   "name": "P3: Will get fixed eventually",
   "color": "green"
  },
  {
   "id": "59e5a2e56fd14f3240ea3389",
   "idBoard": "5771673855f47b547f2decc3",
   "name": "low",
   "color": "sky"
  }
 ],
 "shortUrl": "https://trello.com/c/az2OqleE",
 "data": {
  "system_settings": "Windows 10 Pro 64-bit (1803)",
  "client_settings": "Discord 0.0.301",
  "actual_result": "Old Menu Size",
  "expected_result": "Normal Menu Size",
  "short_description": "Menu size in private messages does not match the size in the servers",
  "steps_to_repro": "- Switch language on Russian - Open DMs - Click on \u22ee near the message"
 }
}