{
 "id": "5a86c98b95c7bf86bedd925a",
 "closed": true,
 "idList": "57716787a06d09cf7e0dd1ca",
 "idShort": 1660,
 "idChecklists": [],
 "labels": [
  {
   "id": "5771673884e677fd364b7221",
   "idBoard": "5771673855f47b547f2decc3",
   "name": "P3: Will get fixed eventually",
   "color": "green"
  },
  {
   "id": "59e5a2e56fd14f3240ea3389",
   "idBoard": "5771673855f47b547f2decc3",
   "name": "low",
   "color": "sky"
  },
  {
   "id": "5a860c43a1c27f86fd2c4cfc",
   "idBoard": "5771673855f47b547f2decc3",
   "name": "Client side",
   "color": null
  },
  {
   "id": "5a860c4ed6ea847898de1b7f",
   "idBoard": "5771673855f47b547f2decc3",
   "name": "Embeds",
   "color": null
  }
 ],
 "shortUrl": "https://trello.com/c/b5kZS3sG",
 "data": {
  "system_settings": "Windows 10 x64 1709",
  "client_settings": "Canary 0.0.202",
  "actual_result": "The first frame of the webm is stuck behind the webm. The webm preview thumbnail has black instead of transparency.",
  "expected_result": "The webm preview thumbnail should have transparency, and the webm should playback without the first frame stuck behind.",
  "short_description": "First frame of transparent webm is stuck behind webm on playback. Transparent part remains black.",
  "steps_to_repro": "- Upload a webm with transparency - Press play"
 }
}