{
 "id": "59e368eb60bbe595417a0d3b",
 "closed": true,
 "idList": "577167f59d3739f090f8fab2",
 "idShort": 1260,
 "idChecklists": [],
 "labels": [
  {
   "id": "5771673884e677fd364b7221",
   "idBoard": "5771673855f47b547f2decc3",
   "name": "P3: Will get fixed eventually",
   "color": "green"
  }
 ],
 "shortUrl": "https://trello.com/c/B8xAFWD0",
 "data": {
  "system_settings": "Windows 10 Home x64",
  "client_settings": "Desktop Canary 0.0.165",
  "actual_result": "Profile separates from the list",
  "expected_result": "Profile stays with the member list",
  "short_description": "When viewing someones profile from the member list, zooming in or out will make the window move away from the list.",
  "steps_to_repro": "- Click a profile - Zoom out using ctrl and minus"
 }
}