{
 "id": "5b7fe2ff1fcaaa5c3b5d2402",
 "closed": true,
 "idList": "57716787a06d09cf7e0dd1ca",
 "idShort": 2786,
 "idChecklists": [],
 "labels": [
  {
   "id": "5771673884e677fd364b7221",
   "idBoard": "5771673855f47b547f2decc3",
   "name": "P3: Will get fixed eventually",
   "color": "green"
  },
  {
   "id": "59e5a2e56fd14f3240ea3389",
   "idBoard": "5771673855f47b547f2decc3",
   "name": "low",
   "color": "sky"
  }
 ],
 "shortUrl": "https://trello.com/c/BAH4dB8a",
 "data": {
  "system_settings": "Windows 10 Home x64 (1803)",
  "client_settings": "Web Canary 22496 - EdgeHTML 17.17134",
  "actual_result": "The button redirects to an invalid article",
  "expected_result": "The button should go to the specified help page",
  "short_description": "[Edge ONLY] Denying Discord microphone access then clicking to go to the Help Desk makes Discord show an undefined article",
  "steps_to_repro": "- Open Edge - Unmute yourself, or join a voice channel - \"Microphone Access is Denied\" modal should appear - Click \"Help Desk\" - A new tab opens that brings you to an undefined help article"
 }
}