{
 "id": "5b60a21f4a3eb3ec0856446d",
 "closed": true,
 "idList": "577167f59d3739f090f8fab2",
 "idShort": 2539,
 "idChecklists": [],
 "labels": [
  {
   "id": "5771673884e677fd364b7221",
   "idBoard": "5771673855f47b547f2decc3",
   "name": "P3: Will get fixed eventually",
   "color": "green"
  },
  {
   "id": "59e5a2e56fd14f3240ea3389",
   "idBoard": "5771673855f47b547f2decc3",
   "name": "low",
   "color": "sky"
  }
 ],
 "shortUrl": "https://trello.com/c/bMuTZGqW",
 "data": {
  "system_settings": "Windows 10 Home (x64, 1803)",
  "client_settings": "Stable 20174, Canary 20351",
  "actual_result": "Glitches into a 90 degree edge for a second",
  "expected_result": "Remains rounded when dropdown menu clicked",
  "short_description": "Verification/streamer mode banner changes shape when dropdown menu clicked (easier repro steps)",
  "steps_to_repro": "- turn on streamer mode (ensure the purple banner at the top of your screen has a rounded edge on the top left corner) - click a server's dropdown menu"
 }
}