{
 "id": "5b6af901b6c02f89d3ed4ea5",
 "closed": true,
 "idList": "57716787a06d09cf7e0dd1ca",
 "idShort": 2645,
 "idChecklists": [],
 "labels": [
  {
   "id": "5771673884e677fd364b7221",
   "idBoard": "5771673855f47b547f2decc3",
   "name": "P3: Will get fixed eventually",
   "color": "green"
  },
  {
   "id": "59e5a0baa85872762cbe186c",
   "idBoard": "5771673855f47b547f2decc3",
   "name": "high",
   "color": "pink"
  }
 ],
 "shortUrl": "https://trello.com/c/bUUVxnkN",
 "data": {
  "system_settings": "Windows 10 Home x64",
  "client_settings": "Release Channel: canary, Build Number: 21209",
  "actual_result": "Screenshare window starts to shrink dramatically",
  "expected_result": "Screenshare window should stay at a constant size",
  "short_description": "Screenshare window shrinks as text is sent in DM/group channel.",
  "steps_to_repro": "- Call someone or group - Enable screenshare on main monitor - Start typing in channel until text reaches boundary between channel and screenshare window - Analyze - Type a few more lines - Analyze"
 }
}