{
 "id": "5bca9090a17a53067d5627be",
 "closed": false,
 "idList": "581286a2c1e6cd4831c862ca",
 "idShort": 3240,
 "idChecklists": [],
 "labels": [
  {
   "id": "5771673884e677fd364b7222",
   "idBoard": "5771673855f47b547f2decc3",
   "name": "P2: Fix can wait a while",
   "color": "yellow"
  },
  {
   "id": "59e5a2e56fd14f3240ea3389",
   "idBoard": "5771673855f47b547f2decc3",
   "name": "low",
   "color": "sky"
  }
 ],
 "shortUrl": "https://trello.com/c/bWDQiM1I",
 "data": {
  "system_settings": "Windows 10 Pro x64, OBS 21.1.0 64-bit",
  "client_settings": "Discord Canary 26538",
  "actual_result": "Rich Presence, Mini, and Regular Profile still shows you are streaming. (Seen on PC and iOS)",
  "expected_result": "Rich Presence and Viewing Mini/Regular Profile doesn't show you are streaming.",
  "short_description": "Discord Profile and RP still shows you are streaming even after you stop",
  "steps_to_repro": "- Make sure Streamer Mode is enabled & using OBS - Stream [I streamed for 7 hours when this occurred] - Witness yourself go live on Discord. - After clicking 'Stop Streaming', do NOT exit OBS or turn off Streamer Mode on Discord. - View yourself on Discord."
 }
}