{
 "id": "5b2dfa4633b667244b4d83be",
 "closed": true,
 "idList": "57716787a06d09cf7e0dd1ca",
 "idShort": 2189,
 "idChecklists": [],
 "labels": [
  {
   "id": "5771673884e677fd364b7221",
   "idBoard": "5771673855f47b547f2decc3",
   "name": "P3: Will get fixed eventually",
   "color": "green"
  },
  {
   "id": "59e5a2e56fd14f3240ea3389",
   "idBoard": "5771673855f47b547f2decc3",
   "name": "low",
   "color": "sky"
  }
 ],
 "shortUrl": "https://trello.com/c/ceS2ChIB",
 "data": {
  "system_settings": "Windows 10",
  "client_settings": "Canary 17576",
  "actual_result": "It shows a dot and you can\u2019t view the message",
  "expected_result": "It shouldn\u2019t show a dot to signify a message",
  "short_description": "When you go into a channel you can\u2019t read the messages but you can send them and there is pins, you see a dot for the pins",
  "steps_to_repro": "- Get a Buddy  - Have your buddy make a server - Have your buddy prohibit you from seeing messages in general but let you message - Go into another discord server and wait for your buddy to write a message and pin it - Try to view the pins"
 }
}