{
 "id": "5c1c112c952b112250fa9c79",
 "closed": false,
 "idList": "57716787a06d09cf7e0dd1ca",
 "idShort": 3527,
 "idChecklists": [],
 "labels": [
  {
   "id": "5771673884e677fd364b7221",
   "idBoard": "5771673855f47b547f2decc3",
   "name": "P3: Will get fixed eventually",
   "color": "green"
  },
  {
   "id": "59e5a0baa85872762cbe186c",
   "idBoard": "5771673855f47b547f2decc3",
   "name": "high",
   "color": "pink"
  }
 ],
 "shortUrl": "https://trello.com/c/dfpbevIU",
 "data": {
  "system_settings": "Windows 10 Home",
  "client_settings": "[BUILD INFO] Release Channel: stable, Build Number: 30136, Version Hash: 0cd0025be1fe86101718f88e7575701dd8d03466",
  "actual_result": "You have 2 accounts that are in a call. One is inactive(logged out of) and one active(you're on it right now).",
  "expected_result": "Your first account you logged out of should automatically leave the call.",
  "short_description": "When you log out, and log back in with a different account, your first account still stays in the call.",
  "steps_to_repro": "- Log out of your account - Log in with a different account - Join the same call as your first account"
 }
}