{
 "id": "5b62be5bd321419d627c3489",
 "closed": true,
 "idList": "577167f59d3739f090f8fab2",
 "idShort": 2595,
 "idChecklists": [],
 "labels": [],
 "shortUrl": "https://trello.com/c/dg9UyDYP",
 "data": {
  "system_settings": "Windows 10 Home v1803 x64, Bootcamp",
  "client_settings": "Discord Canary Build 20535",
  "actual_result": "The popup closes.",
  "expected_result": "Nothing happens.",
  "short_description": "Clicking on a users profile picture in their user info closes the popup in the overlay.",
  "steps_to_repro": "- Open overlay with text chat. - Click on a user to open the user popup. - Click on their profile picture. -"
 }
}