{
 "id": "5b0337e51b946ef014929508",
 "closed": true,
 "idList": "57716787a06d09cf7e0dd1ca",
 "idShort": 2036,
 "idChecklists": [],
 "labels": [
  {
   "id": "5771673884e677fd364b7221",
   "idBoard": "5771673855f47b547f2decc3",
   "name": "P3: Will get fixed eventually",
   "color": "green"
  },
  {
   "id": "59e5a2e56fd14f3240ea3389",
   "idBoard": "5771673855f47b547f2decc3",
   "name": "low",
   "color": "sky"
  }
 ],
 "shortUrl": "https://trello.com/c/ECZQmwd8",
 "data": {
  "system_settings": "Windows 7 Pro x64",
  "client_settings": "Discord Canary, 1.5.701",
  "actual_result": "All the features listed below the \"Choose your Discord Tag\" is in Windows' Selected Language",
  "expected_result": "Everything to be in the Discord Selected Language.",
  "short_description": "Discord Nitro Tab in Windows's Selected Language",
  "steps_to_repro": "- Go into Settings. - Press the \"Discord Nitro\" tab. - Scroll down."
 }
}