{
 "id": "5aac63fea62b9296afca6591",
 "closed": true,
 "idList": "57716787a06d09cf7e0dd1ca",
 "idShort": 1742,
 "idChecklists": [],
 "labels": [
  {
   "id": "5771673884e677fd364b7221",
   "idBoard": "5771673855f47b547f2decc3",
   "name": "P3: Will get fixed eventually",
   "color": "green"
  },
  {
   "id": "59e5a2e56fd14f3240ea3389",
   "idBoard": "5771673855f47b547f2decc3",
   "name": "low",
   "color": "sky"
  },
  {
   "id": "5a860c47f5d021f87f1e5a36",
   "idBoard": "5771673855f47b547f2decc3",
   "name": "Images",
   "color": null
  },
  {
   "id": "5a860c43a1c27f86fd2c4cfc",
   "idBoard": "5771673855f47b547f2decc3",
   "name": "Client side",
   "color": null
  },
  {
   "id": "5a860c4568c30e25f1e54643",
   "idBoard": "5771673855f47b547f2decc3",
   "name": "text chat",
   "color": null
  }
 ],
 "shortUrl": "https://trello.com/c/ED3XtJO7",
 "data": {
  "system_settings": "Win10 x64",
  "client_settings": "Canary 12159",
  "actual_result": "It creates a new line in the text box if empty and if it already has characters typed holding enter will send the message",
  "expected_result": "Shouldn't do anything except maybe opening the image a bunch of time as of a known bug",
  "short_description": "Holding the enter key while viewing an image will interact with the text box behind",
  "steps_to_repro": "- Find an image and click on it - While viewing the image hit and hold the enter key"
 }
}