{
 "id": "5a6b5f034557bda8d8273b7c",
 "closed": true,
 "idList": "57716787a06d09cf7e0dd1ca",
 "idShort": 1590,
 "idChecklists": [],
 "labels": [
  {
   "id": "5771673884e677fd364b7221",
   "idBoard": "5771673855f47b547f2decc3",
   "name": "P3: Will get fixed eventually",
   "color": "green"
  },
  {
   "id": "59e5a2e56fd14f3240ea3389",
   "idBoard": "5771673855f47b547f2decc3",
   "name": "low",
   "color": "sky"
  }
 ],
 "shortUrl": "https://trello.com/c/Eeuu6EPA",
 "data": {
  "system_settings": "windows 10 x64 build 1709",
  "client_settings": "canary 9959",
  "actual_result": "emote stays in text variant",
  "expected_result": "emote should be translated to twemoji",
  "short_description": "emotes like \\:P won't be translated if followed by line breaker",
  "steps_to_repro": "- type in emoji such as \\:P - add line break after it (without space!) - send message"
 }
}