{
 "id": "5b62ae4c7d186b735be7519e",
 "closed": false,
 "idList": "5b47dde20d51e9100dd6c0f0",
 "idShort": 2593,
 "idChecklists": [],
 "labels": [
  {
   "id": "5771673884e677fd364b7221",
   "idBoard": "5771673855f47b547f2decc3",
   "name": "P3: Will get fixed eventually",
   "color": "green"
  },
  {
   "id": "59e5a2e56fd14f3240ea3389",
   "idBoard": "5771673855f47b547f2decc3",
   "name": "low",
   "color": "sky"
  }
 ],
 "shortUrl": "https://trello.com/c/eeV3QPpw",
 "data": {
  "system_settings": "Windows 10 Home (x64, 1803)",
  "client_settings": "Discord Canary 20535",
  "actual_result": "It highlights the text at the same time",
  "expected_result": "It only scrolls",
  "short_description": "[OVERLAY] Clicking the middle mouse button will highlight text",
  "steps_to_repro": "- open up overlay's text channel - go to a channel and click and hold mmb and scroll up - observe"
 }
}