{
 "id": "5b1b0450b25fd54b100dd7c7",
 "closed": true,
 "idList": "581286a2c1e6cd4831c862ca",
 "idShort": 2112,
 "idChecklists": [],
 "labels": [],
 "shortUrl": "https://trello.com/c/EleC8L4h",
 "data": {
  "system_settings": "Windows 10 Build 17134",
  "client_settings": "canary, Build Number: 16649",
  "actual_result": "All sounds go to 20% of there normal volume (80% lower)",
  "expected_result": "All other sounds are at there normal %",
  "short_description": "Canary is now using windows communication voice settings to lower volume",
  "steps_to_repro": "- \"communications\" within the sound playback option in window set to a value - Default is 80% - join a voice chat"
 }
}