{
 "id": "5a39e385faca71b743d7346d",
 "closed": true,
 "idList": "577167f59d3739f090f8fab2",
 "idShort": 1480,
 "idChecklists": [],
 "labels": [],
 "shortUrl": "https://trello.com/c/eqG227Yw",
 "data": {
  "system_settings": "Windows 10 x64 Fall Creators Update",
  "client_settings": "Release Channel: canary, Build Number: 8933",
  "actual_result": "No tooltip appears",
  "expected_result": "It should display :emojiname:",
  "short_description": "Hovering over emojis no longer displays their :emoji: shortcut",
  "steps_to_repro": "- Say an emoji in chat - Hover over it"
 }
}