{
 "id": "5ae099e5f0a90fb26ec4224d",
 "closed": true,
 "idList": "57716787a06d09cf7e0dd1ca",
 "idShort": 1886,
 "idChecklists": [],
 "labels": [
  {
   "id": "5771673884e677fd364b7221",
   "idBoard": "5771673855f47b547f2decc3",
   "name": "P3: Will get fixed eventually",
   "color": "green"
  },
  {
   "id": "59e5a2e56fd14f3240ea3389",
   "idBoard": "5771673855f47b547f2decc3",
   "name": "low",
   "color": "sky"
  }
 ],
 "shortUrl": "https://trello.com/c/eyh8cNg9",
 "data": {
  "system_settings": "macOS high sierra 10.13.4",
  "client_settings": "Canary 0.0.186",
  "actual_result": "Discord opens in desktop 2",
  "expected_result": "Discord opens in desktop 1",
  "short_description": "Window opening in wrong desktop (macOS only)",
  "steps_to_repro": "- Launch discord in desktop 1 - Before the main window launches switch to desktop 2"
 }
}