{
 "id": "5bbc12299ba53e12f90f8287",
 "closed": true,
 "idList": "57716787a06d09cf7e0dd1ca",
 "idShort": 3119,
 "idChecklists": [],
 "labels": [
  {
   "id": "5771673884e677fd364b7221",
   "idBoard": "5771673855f47b547f2decc3",
   "name": "P3: Will get fixed eventually",
   "color": "green"
  },
  {
   "id": "59e5a2e56fd14f3240ea3389",
   "idBoard": "5771673855f47b547f2decc3",
   "name": "low",
   "color": "sky"
  }
 ],
 "shortUrl": "https://trello.com/c/EyzycKo0",
 "data": {
  "system_settings": "Windows 10 Home 17134",
  "client_settings": "Desktop Canary, v0.0.214 (Build Number: 25540)",
  "actual_result": "Nothing happens",
  "expected_result": "The client zooms into the area you're pinching on, like it used to before Electron 3.x",
  "short_description": "Pinch-to-zoom on touchscreen devices doesn't work anymore",
  "steps_to_repro": "- Use two fingers in a pinching motion on your Discord client, on your touchscreen  - Additional information (I didn't know where else this is supposed to go): this is not a bug with Electron. Electron v3.x set the default visual zoom levels to 100%~100%, it IS possible to set them back programmatically"
 }
}