{
 "id": "595cf45097b52c426edb617f",
 "closed": true,
 "idList": "577167f59d3739f090f8fab2",
 "idShort": 807,
 "idChecklists": [],
 "labels": [
  {
   "id": "5771673884e677fd364b7221",
   "idBoard": "5771673855f47b547f2decc3",
   "name": "P3: Will get fixed eventually",
   "color": "green"
  },
  {
   "id": "59e5a2e56fd14f3240ea3389",
   "idBoard": "5771673855f47b547f2decc3",
   "name": "low",
   "color": "sky"
  }
 ],
 "shortUrl": "https://trello.com/c/F6sLE69V",
 "data": {
  "system_settings": "Windows 10 Pro 64-bit on Build 1607",
  "client_settings": "Discord Stable 0.0.297",
  "actual_result": "The window shakes/moves around in a weird way",
  "expected_result": "The window should act properly without shaking",
  "short_description": "When you enter a number/letter in the code verification box for 2FA the box shakes a bit",
  "steps_to_repro": "- Go to User settings - Enable 2FA - Scan the QR code/enter the code on your phone - Try to enter the verification code from app on Discord"
 }
}