{
 "id": "5b9c8889f3afbc2b3bb44a0a",
 "closed": true,
 "idList": "57716787a06d09cf7e0dd1ca",
 "idShort": 2985,
 "idChecklists": [],
 "labels": [
  {
   "id": "5771673884e677fd364b7221",
   "idBoard": "5771673855f47b547f2decc3",
   "name": "P3: Will get fixed eventually",
   "color": "green"
  },
  {
   "id": "59e5a2e56fd14f3240ea3389",
   "idBoard": "5771673855f47b547f2decc3",
   "name": "low",
   "color": "sky"
  }
 ],
 "shortUrl": "https://trello.com/c/fifNzQIH",
 "data": {
  "system_settings": "Windows 10 x64",
  "client_settings": "Release Channel: stable, Build Number: 23012, Version Hash: fa2ef18a6aebe7620cedfc5bb14fea57067e1def",
  "actual_result": "Discord goes from the name changing to 'No Game Detected'",
  "expected_result": "It's supposed to change the game name shown (Media Monkey) to whatever you change it to.",
  "short_description": "When changing the game name while using MediaMonkey as the program, Discord loses detection of MediaMonkey",
  "steps_to_repro": "- Open Discord & Media Monkey - Add Media Monkey as the game you're currently playing - Change the name of the game you're currently playing (Media Monkey to whatever) in Discord - Discord loses detection of Media Monkey until you click back on the Media Monkey program itself"
 }
}