{
 "id": "590e1febe87d3ea4eab17d8c",
 "closed": false,
 "idList": "57716787a06d09cf7e0dd1ca",
 "idShort": 611,
 "idChecklists": [],
 "labels": [
  {
   "id": "5771673884e677fd364b7222",
   "idBoard": "5771673855f47b547f2decc3",
   "name": "P2: Fix can wait a while",
   "color": "yellow"
  }
 ],
 "shortUrl": "https://trello.com/c/fKcMXtVn",
 "data": {
  "system_settings": " windows 10 x64 latest canary",
  "actual_result": "the mic stays open until you press the ptt button after toggling",
  "expected_result": "it should switch back to PTT without the mic being open when you don't touch the ptt button",
  "short_description": "switching from PTT to VAD back to PTT whilst talking makes the mic stay open on PTT",
  "steps_to_repro": "- Setup a keybind to switch between push to talk and voice activation- Start on Push to Talk- Whilst taking switch to Voice Activation using keybind- While you are still talking switch back to Push to Talk"
 }
}