{
 "id": "587fcb86a0e31ddbe9a6defa",
 "closed": true,
 "idList": "577167f59d3739f090f8fab2",
 "idShort": 338,
 "idChecklists": [],
 "labels": [
  {
   "id": "5771673884e677fd364b7222",
   "idBoard": "5771673855f47b547f2decc3",
   "name": "P2: Fix can wait a while",
   "color": "yellow"
  }
 ],
 "shortUrl": "https://trello.com/c/FPG64Mgr",
 "data": {
  "system_settings": " Win 10 Pro x64 AU, Canary",
  "actual_result": "Does nothing",
  "expected_result": "Triggers the Upload File hotkey and opens the file browser",
  "short_description": "Upload File hotkey doesn't work",
  "steps_to_repro": "- Go into a text channel/DM - Press Ctrl + Shift + U "
 }
}