{
 "id": "5b5987acb0829b9ae6d7bf48",
 "closed": true,
 "idList": "581286a2c1e6cd4831c862ca",
 "idShort": 2436,
 "idChecklists": [],
 "labels": [
  {
   "id": "5771673884e677fd364b7221",
   "idBoard": "5771673855f47b547f2decc3",
   "name": "P3: Will get fixed eventually",
   "color": "green"
  },
  {
   "id": "59e5a2e56fd14f3240ea3389",
   "idBoard": "5771673855f47b547f2decc3",
   "name": "low",
   "color": "sky"
  }
 ],
 "shortUrl": "https://trello.com/c/FprHWwtC",
 "data": {
  "system_settings": "Windows 10 Home x64",
  "client_settings": "Canary 19879",
  "actual_result": "The message doesn't have any padding and is flush with the bottom of the message",
  "expected_result": "The message has padding on the bottom",
  "short_description": "\"Only you can see this\" message in clyde messages lacks bottom padding in cozy mode",
  "steps_to_repro": "- Do anything that will trigger a clyde message (Change your nickname through /nick, DM a user who blocked you, etc.) - Observe the \"Only you can see this - delete this message\" text"
 }
}