{
 "id": "5b5c44b1f90ee192f87e4cf4",
 "closed": true,
 "idList": "57716787a06d09cf7e0dd1ca",
 "idShort": 2466,
 "idChecklists": [],
 "labels": [
  {
   "id": "5771673884e677fd364b7221",
   "idBoard": "5771673855f47b547f2decc3",
   "name": "P3: Will get fixed eventually",
   "color": "green"
  },
  {
   "id": "59e5a2e56fd14f3240ea3389",
   "idBoard": "5771673855f47b547f2decc3",
   "name": "low",
   "color": "sky"
  },
  {
   "id": "5b8876495b10eb2013654345",
   "idBoard": "5771673855f47b547f2decc3",
   "name": "Firefox",
   "color": null
  }
 ],
 "shortUrl": "https://trello.com/c/fpuEEBCS",
 "data": {
  "system_settings": "macOS Sierra 10.12.6, Firefox Quantum 61.0.1 (64-bit)",
  "client_settings": "Canary 20174",
  "actual_result": "The boxes touch the edge of the window",
  "expected_result": "There should be padding at the bottom like on desktop",
  "short_description": "Missing padding in the bottom of the Games tab in Firefox",
  "steps_to_repro": "- Scroll to the bottom in the Games tab - Observe the boxes are against the edge of the browser window"
 }
}