{
 "id": "59f19fdbadf886a9f52fdd42",
 "closed": true,
 "idList": "577167f59d3739f090f8fab2",
 "idShort": 1322,
 "idChecklists": [],
 "labels": [
  {
   "id": "5771673884e677fd364b7221",
   "idBoard": "5771673855f47b547f2decc3",
   "name": "P3: Will get fixed eventually",
   "color": "green"
  },
  {
   "id": "59e5a2e56fd14f3240ea3389",
   "idBoard": "5771673855f47b547f2decc3",
   "name": "low",
   "color": "sky"
  }
 ],
 "shortUrl": "https://trello.com/c/G1oixkUm",
 "data": {
  "system_settings": "Windows 10, Build 16299.19",
  "client_settings": "Desktop Canary, Build 6420",
  "actual_result": "The \"Mentions\" drawer remains open",
  "expected_result": "The \"Mentions\" drawer should close",
  "short_description": "If you open \"Mentions\" either via the @ button or via shortcut ctrl+i you can't close it with the @ button again.",
  "steps_to_repro": "- Open the \"Mentions\" drawer (either via the @ button or ctrl+i) - Try to close it with the @ button again"
 }
}