{
 "id": "5afc86bd6bc5b9e72549d8a5",
 "closed": true,
 "idList": "57716787a06d09cf7e0dd1ca",
 "idShort": 2001,
 "idChecklists": [],
 "labels": [
  {
   "id": "5771673884e677fd364b7221",
   "idBoard": "5771673855f47b547f2decc3",
   "name": "P3: Will get fixed eventually",
   "color": "green"
  },
  {
   "id": "59e5a2e56fd14f3240ea3389",
   "idBoard": "5771673855f47b547f2decc3",
   "name": "low",
   "color": "sky"
  }
 ],
 "shortUrl": "https://trello.com/c/g21LhaNl",
 "data": {
  "system_settings": "Win 10 x64, Firefox 59.0.3 (64-bit)",
  "client_settings": "Discord Web App",
  "actual_result": "Thumbnails appear, but no horizontal scrollbar is present to allow user to slide images left and right",
  "expected_result": "Thumbnails appear,, extending to the right of the visible screen with a horizontal scrollbar showing, allowing your to slide the results left and right",
  "short_description": "In Firefox, no horizontal scrollbar when running /giphy",
  "steps_to_repro": "- open chat channel in Firefox - type \"/giphy SearchPattern\""
 }
}