{
 "id": "586e8ca921cbd2cd9ab80a4d",
 "closed": true,
 "idList": "581286a2c1e6cd4831c862ca",
 "idShort": 308,
 "idChecklists": [],
 "labels": [
  {
   "id": "5771673884e677fd364b7222",
   "idBoard": "5771673855f47b547f2decc3",
   "name": "P2: Fix can wait a while",
   "color": "yellow"
  }
 ],
 "shortUrl": "https://trello.com/c/GgiyYDZr",
 "data": {
  "actual_result": "the invites only get resolved if they get loaded in the chat",
  "expected_result": "all invites should resolve in the search",
  "short_description": "invite links in search results don't resolve",
  "steps_to_repro": "- search for \"discord.gg\" - jump to a message and see that the invite link is now loaded in the search "
 }
}