{
 "id": "5a8741264e8b5de95fdd8f47",
 "closed": true,
 "idList": "580e822c24ce2ffdd624a43c",
 "idShort": 1661,
 "idChecklists": [],
 "labels": [
  {
   "id": "5771673884e677fd364b7221",
   "idBoard": "5771673855f47b547f2decc3",
   "name": "P3: Will get fixed eventually",
   "color": "green"
  },
  {
   "id": "59e63698ba5129f6b9a75d0b",
   "idBoard": "5771673855f47b547f2decc3",
   "name": "Mid",
   "color": "lime"
  }
 ],
 "shortUrl": "https://trello.com/c/gmY8ZEPM",
 "data": {
  "system_settings": "macOS 10.12.6",
  "client_settings": "Canary Build 10878",
  "actual_result": "Spellcheck treats it as two different words and only has a redline on the letters before and/or after the punctuation and only gives you option to correct those letters and not the word itself",
  "expected_result": "The entire word should have a redline under it and should give you options to correct the typo",
  "short_description": "Spellcheck seems to treat a word as two words if there's a wrong punctuation.",
  "steps_to_repro": "- Type any word with a punctuation in it (should not be an apostrophe) such as `l;ife`, `l;ook`, `m,ine`, `p[ine` etc - Attempt to correct the typo you've made"
 }
}