{
 "id": "5b537fb7c870935bc89a1241",
 "closed": true,
 "idList": "577167f59d3739f090f8fab2",
 "idShort": 2400,
 "idChecklists": [],
 "labels": [],
 "shortUrl": "https://trello.com/c/gqcKGEnH",
 "data": {
  "system_settings": "Windows 10 Pro x64",
  "client_settings": "Canary Build 19154",
  "actual_result": "The overlay stays the same size",
  "expected_result": "The overlay should resize properly",
  "short_description": "Overlay doesn't resize on some games",
  "steps_to_repro": "- Download and launch Clicker Heroes on Steam - Join a voice channel with friends - Launch Clicker Heroes and WAIT for the overlay to load in - Enable \"Fullscreen\" and click play"
 }
}