{
 "id": "5bc8ded7abc1d349044e7781",
 "closed": false,
 "idList": "5b1874f39c86d88c1b6bf801",
 "idShort": 3217,
 "idChecklists": [],
 "labels": [
  {
   "id": "5771673884e677fd364b7221",
   "idBoard": "5771673855f47b547f2decc3",
   "name": "P3: Will get fixed eventually",
   "color": "green"
  },
  {
   "id": "59e5a0baa85872762cbe186c",
   "idBoard": "5771673855f47b547f2decc3",
   "name": "high",
   "color": "pink"
  }
 ],
 "shortUrl": "https://trello.com/c/GqCKuAwS",
 "data": {
  "system_settings": "Windows 10 Pro x64",
  "client_settings": "Discord Stable 26433 / Firefox Version 62.0.3 (64-Bit)",
  "actual_result": "You are indefinitely being redirected to the Discord Web App",
  "expected_result": "You are redirected to the new server and can use Discord in your browser",
  "short_description": "[Firefox] After typing out an invite in the address bar and accepting it, Discord loads indefinitely",
  "steps_to_repro": "- get your best friend to send you an invite to his super cool server you are not yet part of - copy and paste OR type out the invite into your firefox address bar - accept the invite and observe"
 }
}