{
 "id": "59ac891b97d68ff7668543a2",
 "closed": true,
 "idList": "577167f59d3739f090f8fab2",
 "idShort": 1081,
 "idChecklists": [],
 "labels": [
  {
   "id": "5771673884e677fd364b7222",
   "idBoard": "5771673855f47b547f2decc3",
   "name": "P2: Fix can wait a while",
   "color": "yellow"
  }
 ],
 "shortUrl": "https://trello.com/c/GTbw0ScL",
 "data": {
  "system_settings": "Windows 10 x64",
  "client_settings": "Canary 0.0.163",
  "actual_result": "you see **both** mute and what you selected earlier. e.g mute and all or mute and mentions only",
  "expected_result": "when you scroll down to the channel name, you should see the channel name and then 'mute' since it's the most recent setting you applied.",
  "short_description": "Setting a notification for a channel then muting it will not change the notification settings",
  "steps_to_repro": "- Click on the server name - Click notification settings - Go to notification overrides and  select a channel - Turn the notification to \"mentions only\" or something, as long as it's not \"mute\" - exit out of notification settings then right click on the channel you just selected - click mute - click on the channel name and go back to notification settings"
 }
}