{
 "id": "5b132bed6fa19ac3a77bd6c8",
 "closed": true,
 "idList": "57716787a06d09cf7e0dd1ca",
 "idShort": 2090,
 "idChecklists": [],
 "labels": [
  {
   "id": "5771673884e677fd364b7221",
   "idBoard": "5771673855f47b547f2decc3",
   "name": "P3: Will get fixed eventually",
   "color": "green"
  },
  {
   "id": "59e5a2e56fd14f3240ea3389",
   "idBoard": "5771673855f47b547f2decc3",
   "name": "low",
   "color": "sky"
  }
 ],
 "shortUrl": "https://trello.com/c/GwBHwnE5",
 "data": {
  "system_settings": "Windows 10 - Version 1803 (Home)",
  "client_settings": "Release Channel: canary, Build Number: 16445, Version Hash: 8972af5e1e65d08855071f9f8cf44e7442cb2f75",
  "actual_result": "The text says: \"Person is at risk of claimed intent of self-harm\"",
  "expected_result": "The text should say: \"Person is at risk or claimed intent of self-harm",
  "short_description": "When reporting someone to the T&S Team, there is a spelling error",
  "steps_to_repro": "- Right-click on a message - Click Delete. - Check the Report to T&S team box - Read \"Self Harm\""
 }
}