{
 "id": "5bf205b0392a02077c520fdb",
 "closed": true,
 "idList": "57716787a06d09cf7e0dd1ca",
 "idShort": 3407,
 "idChecklists": [],
 "labels": [
  {
   "id": "5771673884e677fd364b7221",
   "idBoard": "5771673855f47b547f2decc3",
   "name": "P3: Will get fixed eventually",
   "color": "green"
  },
  {
   "id": "59e5a2e56fd14f3240ea3389",
   "idBoard": "5771673855f47b547f2decc3",
   "name": "low",
   "color": "sky"
  }
 ],
 "shortUrl": "https://trello.com/c/GxAYsUHM",
 "data": {
  "system_settings": "Windows 10 home 64-bit ver (1803)",
  "client_settings": "Canary, Build Number: 28197",
  "actual_result": "profile pictures/icons show as 2 for a second after disconnecting",
  "expected_result": "there shouldn't be any duplicated profile pictures",
  "short_description": "duplicated user profile picture when disconnecting from a screenshare enabled voice channel after collapsing the category",
  "steps_to_repro": "- be lucky enough to have a screenshare enabled server - connect to a voice channel - collapse the category - disconnect - observe"
 }
}