{
 "id": "5b88778da5c7953258bdd46c",
 "closed": true,
 "idList": "57d19c9d9c34060a61b95f57",
 "idShort": 2839,
 "idChecklists": [],
 "labels": [],
 "shortUrl": "https://trello.com/c/GXn15cix",
 "data": {
  "system_settings": "Windows 10 Home x64 1803",
  "client_settings": "Canary Build 22791",
  "actual_result": "Letters get cut off on the bottom",
  "expected_result": "Letters are not cut off on the bottom",
  "short_description": "Lowercase letters such as g, y, and p are cut off in member names in member settings on 90 zoom",
  "steps_to_repro": "- Change your zoom level to 90 - Go into member settings in a server you can view the member settings - Find a member that has a lowercase letter such as g, y, or p in their name - View the bottom part of those letters in the top name (the one that is their name on the server)"
 }
}