{
 "id": "5b52564613e20bada0cf2c04",
 "closed": true,
 "idList": "581286a2c1e6cd4831c862ca",
 "idShort": 2367,
 "idChecklists": [],
 "labels": [],
 "shortUrl": "https://trello.com/c/H0HEOqzI",
 "data": {
  "system_settings": "Windows 10 Pro x64 v1803",
  "client_settings": "Canary 19366",
  "actual_result": "It selects text in the message.",
  "expected_result": "It opens the mini profile.",
  "short_description": "[Cozy Mode only] You are no longer able to click on PFPs or users on the latest Canary",
  "steps_to_repro": "- Update to 19366 - Click on a username in the chat"
 }
}