{
 "id": "5b7873cd0c68647233fc11f7",
 "closed": true,
 "idList": "5771678de6092759049c939f",
 "idShort": 2741,
 "idChecklists": [],
 "labels": [
  {
   "id": "5771673884e677fd364b7222",
   "idBoard": "5771673855f47b547f2decc3",
   "name": "P2: Fix can wait a while",
   "color": "yellow"
  },
  {
   "id": "59e5a2e56fd14f3240ea3389",
   "idBoard": "5771673855f47b547f2decc3",
   "name": "low",
   "color": "sky"
  }
 ],
 "shortUrl": "https://trello.com/c/hD3bS0Bd",
 "data": {
  "system_settings": "Windows 10 Pro 64-bit",
  "client_settings": "Discord Canary, Build Number: 22210",
  "actual_result": "The chatbox disappears",
  "expected_result": "Discord should switch to the next server/DM",
  "short_description": "[OVERLAY]Chat disappears once down-arrow is pressed",
  "steps_to_repro": "- Open the Discord overlay - Press down-arrow - Observe"
 }
}