{
 "id": "599f92f9f8968d2ef783d94c",
 "closed": true,
 "idList": "57d19c9d9c34060a61b95f57",
 "idShort": 1046,
 "idChecklists": [],
 "labels": [
  {
   "id": "5771673884e677fd364b7221",
   "idBoard": "5771673855f47b547f2decc3",
   "name": "P3: Will get fixed eventually",
   "color": "green"
  }
 ],
 "shortUrl": "https://trello.com/c/HEHYnWK8",
 "data": {
  "system_settings": "Windows 10 Pro 64-bit Build 1607",
  "client_settings": "Discord Canary 0.0.163 (Build 3466)",
  "actual_result": "It acts like you have a camera connected",
  "expected_result": "It shouldn't be clickable if you dont have a camera connected",
  "short_description": "The video camera icon is clickable even if you dont have a camera connected (Was not possible last build)",
  "steps_to_repro": "- Go to DMs - Take a look at the video camera icon"
 }
}