{
 "id": "5922d4ffc4975788e98f9a82",
 "closed": true,
 "idList": "57716787a06d09cf7e0dd1ca",
 "idShort": 667,
 "idChecklists": [],
 "labels": [
  {
   "id": "5771673884e677fd364b7221",
   "idBoard": "5771673855f47b547f2decc3",
   "name": "P3: Will get fixed eventually",
   "color": "green"
  }
 ],
 "shortUrl": "https://trello.com/c/hf2DzS97",
 "data": {
  "system_settings": "Windows 10 v1607",
  "client_settings": "Windows Stable, 0.0.297 & Windows Canary 0.0.154",
  "actual_result": "Title just shows \"- Discord\"",
  "expected_result": "Supposed to have a name for the window",
  "short_description": "Hitting Alt-Tab while the friends list is open shows \" - Discord\" instead of having a name such as \"friends list\"",
  "steps_to_repro": "- Open friends list - Press Alt+Tab - Look at title"
 }
}