{
 "id": "5ac3629ab8e1aed204b7cf87",
 "closed": true,
 "idList": "57716787a06d09cf7e0dd1ca",
 "idShort": 1784,
 "idChecklists": [],
 "labels": [
  {
   "id": "5771673884e677fd364b7221",
   "idBoard": "5771673855f47b547f2decc3",
   "name": "P3: Will get fixed eventually",
   "color": "green"
  },
  {
   "id": "59e5a2e56fd14f3240ea3389",
   "idBoard": "5771673855f47b547f2decc3",
   "name": "low",
   "color": "sky"
  }
 ],
 "shortUrl": "https://trello.com/c/hJTXcyfE",
 "data": {
  "system_settings": "Windows 10 Pro (64-bit), Creators Update (v1709, Build 16299.248)",
  "client_settings": "Canary 0.0.204 (Build 13034)",
  "actual_result": "The role name is just a continous line, causing it to go way off the screen and the online number for that role is non-existent as a result.",
  "expected_result": "The role name line breaks, so you can see online counts.",
  "short_description": "Long role names are one continuous line with the online count no longer visible",
  "steps_to_repro": "- Set a reasonably lengthy role name that would have normally line breaked (eg Server and Twitch Moderators). - Add users to this role, ensuring the role is marked as separate on the online list. - Observe the online list."
 }
}