{
 "id": "5b0f85c96de6b42b21ac7c4a",
 "closed": true,
 "idList": "57716787a06d09cf7e0dd1ca",
 "idShort": 2073,
 "idChecklists": [],
 "labels": [
  {
   "id": "5771673884e677fd364b7221",
   "idBoard": "5771673855f47b547f2decc3",
   "name": "P3: Will get fixed eventually",
   "color": "green"
  },
  {
   "id": "59e5a2e56fd14f3240ea3389",
   "idBoard": "5771673855f47b547f2decc3",
   "name": "low",
   "color": "sky"
  }
 ],
 "shortUrl": "https://trello.com/c/HkqCoUbr",
 "data": {
  "system_settings": "Windows 10 Home x64 Version 1803",
  "client_settings": "Stable Web 16234, Firefox Version 60.0.1 (64 bit)",
  "actual_result": "Username breaks free of the modal.",
  "expected_result": "Username stays within the modal.",
  "short_description": "Stupidly long usernames break out of invite modal in browsers.",
  "steps_to_repro": "- Create/Rename a server to be stupidly long (like 32 W's) Note: This works with the new group dm invites aswell.- Create an invite. - Post the invite into a browser that does not beam invites to the app (like firefox)."
 }
}