{
 "id": "5a0255c9f5b19d06c02e7321",
 "closed": true,
 "idList": "57716787a06d09cf7e0dd1ca",
 "idShort": 1358,
 "idChecklists": [],
 "labels": [
  {
   "id": "59e5a0baa85872762cbe186c",
   "idBoard": "5771673855f47b547f2decc3",
   "name": "high",
   "color": "pink"
  },
  {
   "id": "5771673884e677fd364b7221",
   "idBoard": "5771673855f47b547f2decc3",
   "name": "P3: Will get fixed eventually",
   "color": "green"
  }
 ],
 "shortUrl": "https://trello.com/c/hLValBN9",
 "data": {
  "system_settings": "Windows 10 Enterprise 2016 LTSB x64 Version 1607",
  "client_settings": "stable, Build Number: 6618",
  "actual_result": "You will not be able to leave any servers, or message any friends, etc. It will constantly ask you to verify your account, etc. You will need to completely restart discord to get out of this state.",
  "expected_result": "You should not be able to bypass the 'account lock 'screen.",
  "short_description": "You can bypass the \"Something is wrong\" screen (it asks you to verify your phone number, for whatever reason) by clicking on a notification, and it essentially softlocks your account. You cannot leave any servers, or DM any of your friends, etc. You'll recieve a message asking you to verify your account - even if It's already verified.",
  "steps_to_repro": "- Once you are at the \"Something has gone wrong\" screen, recieve a notification from a DM or a server you are in. - Click it, and you'll be able to bypass that screen, but functionality is completely limited. Step"
 }
}