{
 "id": "591e1ddf47eca4566f8b5e0c",
 "closed": true,
 "idList": "57716787a06d09cf7e0dd1ca",
 "idShort": 662,
 "idChecklists": [],
 "labels": [
  {
   "id": "5771673884e677fd364b7221",
   "idBoard": "5771673855f47b547f2decc3",
   "name": "P3: Will get fixed eventually",
   "color": "green"
  }
 ],
 "shortUrl": "https://trello.com/c/Hnu4jrfP",
 "data": {
  "system_settings": "Windows 10",
  "client_settings": "latest Canary",
  "actual_result": "Nothing happens",
  "expected_result": "A private call is started",
  "short_description": "ctrl+' to start a private call does not work for non-us keyboards",
  "steps_to_repro": "- Go into a private chat or group chat - Press ctrl + '"
 }
}