{
 "id": "596e2a3ba54cd523ccd7c948",
 "closed": false,
 "idList": "57716787a06d09cf7e0dd1ca",
 "idShort": 863,
 "idChecklists": [],
 "labels": [
  {
   "id": "5771673884e677fd364b7222",
   "idBoard": "5771673855f47b547f2decc3",
   "name": "P2: Fix can wait a while",
   "color": "yellow"
  },
  {
   "id": "59e63698ba5129f6b9a75d0b",
   "idBoard": "5771673855f47b547f2decc3",
   "name": "Mid",
   "color": "lime"
  },
  {
   "id": "5a5e4e52a98b2a3803ca5454",
   "idBoard": "5771673855f47b547f2decc3",
   "name": "Q1",
   "color": null
  }
 ],
 "shortUrl": "https://trello.com/c/HqpkZz2V",
 "data": {
  "system_settings": "Windows 10 Pro - Build 15063.483",
  "client_settings": "Discord Canary 0.0.158",
  "actual_result": "The first role goes back to its original position down.",
  "expected_result": "The first role should remain in its position up",
  "short_description": "Creating a new role, then moving it up and making another role causes the first role to go back to its original position",
  "steps_to_repro": "- Create a new role - Move its position up - Create another role"
 }
}