{
 "id": "5a20cf3d8a94b33c84a6d5e8",
 "closed": true,
 "idList": "577167f59d3739f090f8fab2",
 "idShort": 1415,
 "idChecklists": [],
 "labels": [
  {
   "id": "5771673884e677fd364b7221",
   "idBoard": "5771673855f47b547f2decc3",
   "name": "P3: Will get fixed eventually",
   "color": "green"
  },
  {
   "id": "59e63698ba5129f6b9a75d0b",
   "idBoard": "5771673855f47b547f2decc3",
   "name": "Mid",
   "color": "lime"
  }
 ],
 "shortUrl": "https://trello.com/c/hrN56Nzk",
 "data": {
  "system_settings": "Windows 10 x64",
  "client_settings": "Desktop Stable build 7842",
  "actual_result": "white text with no background -> you can't read it",
  "expected_result": "Either the background of the icon should be blurple (like it used to), or text should become dark",
  "short_description": "Default server icon text is not visible in the mutual servers tab of profile when using light theme",
  "steps_to_repro": "- Set Discord to light theme (User Settings > Appearance > Theme) - Find someone who has a mutual server which doesn't have an icon set (just uses the default text) - Open up their profile - Go to the mutual servers tab - Find that server in the list"
 }
}