{
 "id": "5bda88e111298c725f49245e",
 "closed": true,
 "idList": "57716787a06d09cf7e0dd1ca",
 "idShort": 3329,
 "idChecklists": [],
 "labels": [
  {
   "id": "5771673884e677fd364b7221",
   "idBoard": "5771673855f47b547f2decc3",
   "name": "P3: Will get fixed eventually",
   "color": "green"
  },
  {
   "id": "59e5a2e56fd14f3240ea3389",
   "idBoard": "5771673855f47b547f2decc3",
   "name": "low",
   "color": "sky"
  }
 ],
 "shortUrl": "https://trello.com/c/HUQ7kRlM",
 "data": {
  "system_settings": "Windows 10 Pro, x64 (v1803)",
  "client_settings": "Discord Canary 27349",
  "actual_result": "The M just gets cut (If the channel is anything longer than 17 characters, it will have the dots).",
  "expected_result": "There should be dots in the voice channel name.",
  "short_description": "The voice channel name gets cut with 17 characters and a user limit at 10.",
  "steps_to_repro": "- Create a Voice Channel with the name having 17 characters, and the voice chat limit being 10 users (I used \"Pew Pew Game Room). - Observe the last letter getting cut (For me, M)."
 }
}