{
 "id": "5ae1a9a71c9881d1554e3193",
 "closed": true,
 "idList": "57716787a06d09cf7e0dd1ca",
 "idShort": 1888,
 "idChecklists": [],
 "labels": [
  {
   "id": "5771673884e677fd364b7221",
   "idBoard": "5771673855f47b547f2decc3",
   "name": "P3: Will get fixed eventually",
   "color": "green"
  },
  {
   "id": "59e5a2e56fd14f3240ea3389",
   "idBoard": "5771673855f47b547f2decc3",
   "name": "low",
   "color": "sky"
  }
 ],
 "shortUrl": "https://trello.com/c/igkxrsJN",
 "data": {
  "system_settings": "Windows 7 x64",
  "client_settings": "Canary 14116",
  "actual_result": "The ban button is visible.",
  "expected_result": "The ban button shouldn't be visible.",
  "short_description": "The ban button shouldn't appear on bots (Information from a developer)",
  "steps_to_repro": "- Invite the bot. - Click on its profile and observe."
 }
}