{
 "id": "5b3512fb65f053dc294b932b",
 "closed": true,
 "idList": "581286a2c1e6cd4831c862ca",
 "idShort": 2215,
 "idChecklists": [],
 "labels": [
  {
   "id": "5771673884e677fd364b7222",
   "idBoard": "5771673855f47b547f2decc3",
   "name": "P2: Fix can wait a while",
   "color": "yellow"
  },
  {
   "id": "59e5a2e56fd14f3240ea3389",
   "idBoard": "5771673855f47b547f2decc3",
   "name": "low",
   "color": "sky"
  }
 ],
 "shortUrl": "https://trello.com/c/iNhu2wdw",
 "data": {
  "system_settings": "Windows 7 Professional x64",
  "client_settings": "Canary, Build Number: 17800",
  "actual_result": "Discord crashes.",
  "expected_result": "The \"this message could not be delivered\" message should show up.",
  "short_description": "Sending an image to someone who has blocked you crashes Discord.",
  "steps_to_repro": "- Find someone who you've been blocked by. - Send an image to them."
 }
}