{
 "id": "5b501ae899d0e9bf549e6caf",
 "closed": true,
 "idList": "580e822c24ce2ffdd624a43c",
 "idShort": 2322,
 "idChecklists": [],
 "labels": [
  {
   "id": "5771673884e677fd364b7221",
   "idBoard": "5771673855f47b547f2decc3",
   "name": "P3: Will get fixed eventually",
   "color": "green"
  },
  {
   "id": "59e5a2e56fd14f3240ea3389",
   "idBoard": "5771673855f47b547f2decc3",
   "name": "low",
   "color": "sky"
  }
 ],
 "shortUrl": "https://trello.com/c/INjvBhoO",
 "data": {
  "system_settings": "Windows 10 Home x64",
  "client_settings": "Canary 19154",
  "actual_result": "The text on canary is noticeably whiter than on stable",
  "expected_result": "The text color is the same (it's easier to tell with bolded text)",
  "short_description": "Chat text is whiter than before",
  "steps_to_repro": "- Update to a fairly recent version of canary - Compare the text in chat to stable or PTB"
 }
}