{
 "id": "5b612622d6e687e6fb04fb91",
 "closed": true,
 "idList": "5771678de6092759049c939f",
 "idShort": 2558,
 "idChecklists": [],
 "labels": [],
 "shortUrl": "https://trello.com/c/iP5HmVrh",
 "data": {
  "system_settings": "Windows 10 Home 64-bit 1803 April Update Build 17134.191",
  "client_settings": "Mozilla/5.0 (Windows NT 10.0; Win64; x64) AppleWebKit/537.36 (KHTML, like Gecko) Chrome/68.0.3440.75 Safari/537.36",
  "actual_result": "The \"Apply Now\" button starts off showing \"Login\" and then quickly flips to Apply Now",
  "expected_result": "Since you are already Logged In, the \"Apply Now\" button should instantly show \"Apply Now\" rather than \"Login\"",
  "short_description": "[Website Bug] The HypeSquad Homepage \"Apply Now\" button quickly flips from \"Login\" to \"Apply Now\" when you're logged in",
  "steps_to_repro": "- Login on the main Discord website - go to the HypeSquad homepage"
 }
}