{
 "id": "5b5d037e2362811bcab851a7",
 "closed": true,
 "idList": "57716787a06d09cf7e0dd1ca",
 "idShort": 2480,
 "idChecklists": [],
 "labels": [
  {
   "id": "5771673884e677fd364b7221",
   "idBoard": "5771673855f47b547f2decc3",
   "name": "P3: Will get fixed eventually",
   "color": "green"
  },
  {
   "id": "59e5a2e56fd14f3240ea3389",
   "idBoard": "5771673855f47b547f2decc3",
   "name": "low",
   "color": "sky"
  },
  {
   "id": "5b8876495b10eb2013654345",
   "idBoard": "5771673855f47b547f2decc3",
   "name": "Firefox",
   "color": null
  }
 ],
 "shortUrl": "https://trello.com/c/ItcSJziB",
 "data": {
  "system_settings": "macOS Sierra 10.12.6, Firefox Quantum 61.0.1 (64-bit)",
  "client_settings": "Canary 20174",
  "actual_result": "They are oddly far away",
  "expected_result": "The dots should be right next to the text",
  "short_description": "Some things are weirdly truncated on Firefox",
  "steps_to_repro": "- Open Discord on Firefox - You have two options: - 1st option: Create a webhook and observe how the webhook url is truncated - 2nd option: Go to Server settings -> Widget, and observe how the premade widget is truncated"
 }
}