{
 "id": "5ace128c72adf1d71d524f03",
 "closed": true,
 "idList": "57716787a06d09cf7e0dd1ca",
 "idShort": 1832,
 "idChecklists": [],
 "labels": [
  {
   "id": "5771673884e677fd364b7221",
   "idBoard": "5771673855f47b547f2decc3",
   "name": "P3: Will get fixed eventually",
   "color": "green"
  },
  {
   "id": "59e5a0baa85872762cbe186c",
   "idBoard": "5771673855f47b547f2decc3",
   "name": "high",
   "color": "pink"
  }
 ],
 "shortUrl": "https://trello.com/c/iVoM8LwZ",
 "data": {
  "system_settings": "MacBook Pro 13\" (2016), macOS High Sierra 10.13.4",
  "client_settings": "Discord Canary 0.0.186 (Build: 13373)",
  "actual_result": "You can use every custom emoji, also animated ones.",
  "expected_result": "You shouldn't be able to use custom emojis from servers you are not a member of & also not be able to use animated emoji without Discord Nitro",
  "short_description": "You can use every custom emoji in the channel topic with its ID",
  "steps_to_repro": "- Get the ID of any emoji that got uploaded to a server you are not a member of - Open any channel and go to the channel topic - Type `<:EmojiName:EmojiID>` (add `a` at the beginning when it is animated) - Save it"
 }
}