{
 "id": "5b73517dadc9e4077dcda26c",
 "closed": true,
 "idList": "577167f59d3739f090f8fab2",
 "idShort": 2706,
 "idChecklists": [],
 "labels": [],
 "shortUrl": "https://trello.com/c/iwTXbthm",
 "data": {
  "system_settings": "Windows 10 Home x64 build 17134",
  "client_settings": "Release Channel: canary, Build Number: 21880",
  "actual_result": "The text is in line with your message, but the emojis are raised out of place",
  "expected_result": "In reality, the emoji should be in line with the other text and a bit larger, like it usually is",
  "short_description": "When in a message with words, emojis are raised higher than the text",
  "steps_to_repro": "- go to server of choice - type a message (doesn't matter what it says) and add an emoji - look at result"
 }
}