{
 "id": "5b7217717c313a8988f1e22d",
 "closed": true,
 "idList": "57716787a06d09cf7e0dd1ca",
 "idShort": 2702,
 "idChecklists": [],
 "labels": [
  {
   "id": "5771673884e677fd364b7221",
   "idBoard": "5771673855f47b547f2decc3",
   "name": "P3: Will get fixed eventually",
   "color": "green"
  },
  {
   "id": "59e63698ba5129f6b9a75d0b",
   "idBoard": "5771673855f47b547f2decc3",
   "name": "Mid",
   "color": "lime"
  }
 ],
 "shortUrl": "https://trello.com/c/IzFKJBXB",
 "data": {
  "system_settings": "Windows 10 Pro x64",
  "client_settings": "Discord Canary & PTB 21705",
  "actual_result": "The audio is stuttering until the other users leaves that screen",
  "expected_result": "The audio is not supposed to lag and stutter",
  "short_description": "When a user is screensharing with audio and goes to \"Voice and Video\" in his user settings, the audio lags",
  "steps_to_repro": "- call your best friend and make them screenshare their favourite video, game or other media with audio! - tell them to go to their user settings and to select \"voice & video\" - listen"
 }
}