{
 "id": "596f282fe99d7db868faa2e8",
 "closed": true,
 "idList": "577167f59d3739f090f8fab2",
 "idShort": 867,
 "idChecklists": [],
 "labels": [
  {
   "id": "5771673884e677fd364b7222",
   "idBoard": "5771673855f47b547f2decc3",
   "name": "P2: Fix can wait a while",
   "color": "yellow"
  }
 ],
 "shortUrl": "https://trello.com/c/j0zmDAYd",
 "data": {
  "system_settings": "Windows 10 x64",
  "client_settings": "Discord canary 0.0.160",
  "actual_result": "it doesn't",
  "expected_result": "The menu opens just fine",
  "short_description": "Input & Output Devices menu doesn't open and crashes your client if you click on it multiple times",
  "steps_to_repro": "- Join a voice chat - Click the connection info icon - open the debug menu - click on Input & Output Devices"
 }
}