{
 "id": "5c1c0f0bfb6ee1482a7b585a",
 "closed": true,
 "idList": "5771677fda45a436c5b8d255",
 "idShort": 3525,
 "idChecklists": [],
 "labels": [],
 "shortUrl": "https://trello.com/c/JhNsgfiu",
 "data": {
  "system_settings": "Windows 10 Home x64 (1803)",
  "client_settings": "Discord Canary 30144, Launcher version 0.0.64",
  "actual_result": "Program returns \"Well this is awkward\" crash (see attached image for crash log)",
  "expected_result": "Create a private Discord Group",
  "short_description": "Discord crashes when pressing a command",
  "steps_to_repro": "- Go to the store/activity new menu - Press ctrl+shift+T"
 }
}