{
 "id": "5a7316a953835fbed81b21a8",
 "closed": true,
 "idList": "57716787a06d09cf7e0dd1ca",
 "idShort": 1610,
 "idChecklists": [],
 "labels": [
  {
   "id": "59e63698ba5129f6b9a75d0b",
   "idBoard": "5771673855f47b547f2decc3",
   "name": "Mid",
   "color": "lime"
  },
  {
   "id": "5771673884e677fd364b7221",
   "idBoard": "5771673855f47b547f2decc3",
   "name": "P3: Will get fixed eventually",
   "color": "green"
  }
 ],
 "shortUrl": "https://trello.com/c/jI6lUXAO",
 "data": {
  "system_settings": "Windows 10 Pro 64-bit (1709)",
  "client_settings": "Discord Canary 0.0.201 (10137)",
  "actual_result": "It changes password, BUT.. It's still throws a bad request, with the response \"Invalid two-factor code\"",
  "expected_result": "It should change the password without throwing any errors",
  "short_description": "When changing password in user settings, then verifying the process with 2FA. You will receive a 400 (Bad request)",
  "steps_to_repro": "- Go to user settings - Change password and verify it with 2FA - Observe the console"
 }
}