{
 "id": "5b8aa78c0eabac42881c086e",
 "closed": true,
 "idList": "57716787a06d09cf7e0dd1ca",
 "idShort": 2913,
 "idChecklists": [],
 "labels": [
  {
   "id": "5771673884e677fd364b7221",
   "idBoard": "5771673855f47b547f2decc3",
   "name": "P3: Will get fixed eventually",
   "color": "green"
  },
  {
   "id": "59e5a2e56fd14f3240ea3389",
   "idBoard": "5771673855f47b547f2decc3",
   "name": "low",
   "color": "sky"
  }
 ],
 "shortUrl": "https://trello.com/c/JNM32fex",
 "data": {
  "system_settings": "Windows 10 x64 (1803)",
  "client_settings": "Discord Canary 23011",
  "actual_result": "The dots for some pages are wider than others.",
  "expected_result": "The dots for each news page should be identical.",
  "short_description": "When zoomed to small percentages, page dots in game popup have inconsistent width.",
  "steps_to_repro": "- Zoom to anything less than 90, until you feel like the text is quite small. - Go to Activity. - Click on any game that allows you to click on arrows for 3+ pages of news, such as Minecraft or Payday 2."
 }
}