{
 "id": "5a7c143ad8d73ae0b0a8c777",
 "closed": true,
 "idList": "581286a2c1e6cd4831c862ca",
 "idShort": 1639,
 "idChecklists": [],
 "labels": [
  {
   "id": "59e5a2e56fd14f3240ea3389",
   "idBoard": "5771673855f47b547f2decc3",
   "name": "low",
   "color": "sky"
  },
  {
   "id": "5771673884e677fd364b7221",
   "idBoard": "5771673855f47b547f2decc3",
   "name": "P3: Will get fixed eventually",
   "color": "green"
  }
 ],
 "shortUrl": "https://trello.com/c/Jo0nvaX9",
 "data": {
  "system_settings": "Windows 10 Home 64-bit",
  "client_settings": "Discord Canary 0.0.202, Build 10382",
  "actual_result": "Mentions modal doesn't close unless you click inside of Discord outside of the modal",
  "expected_result": "Mentions modal is closed",
  "short_description": "Can't close Mentions with ESC after opening the Display drop-down menu and closing it with ESC",
  "steps_to_repro": "- Open Mentions - Click Display to open the drop down menu - Press ESC to close it and then again to attempt to close the Mentions modal"
 }
}