{
 "id": "5a3894a4b1fe48be208d35ab",
 "closed": true,
 "idList": "5771677fda45a436c5b8d255",
 "idShort": 1477,
 "idChecklists": [],
 "labels": [],
 "shortUrl": "https://trello.com/c/JUJlt6RC",
 "data": {
  "system_settings": "Windows 10 x64 Fall Creators Update",
  "client_settings": "Release Channel: canary, Build Number: 8840",
  "actual_result": "Text shifts up quite a few pixels",
  "expected_result": "Text should be relatively centered vertically",
  "short_description": "\"Add Game\" selection dropdown text is shifted too high up",
  "steps_to_repro": "- Go to User Settings - Click on \"Games\" (under App Settings) - Click on \"Add It!\" (after \"Not seeing your game?\") - Click on \"Select...\" dropdown - Observe \"Select...\" and subsequent text that appears be shifted too high"
 }
}