{
 "id": "5ab90ef302038fe6369111e1",
 "closed": true,
 "idList": "580e822c24ce2ffdd624a43c",
 "idShort": 1759,
 "idChecklists": [],
 "labels": [
  {
   "id": "5771673884e677fd364b7221",
   "idBoard": "5771673855f47b547f2decc3",
   "name": "P3: Will get fixed eventually",
   "color": "green"
  },
  {
   "id": "59e5a2e56fd14f3240ea3389",
   "idBoard": "5771673855f47b547f2decc3",
   "name": "low",
   "color": "sky"
  }
 ],
 "shortUrl": "https://trello.com/c/k2D63mgx",
 "data": {
  "system_settings": "Windows 10 Home x64",
  "client_settings": "Discord Canary, Build Number: 12608",
  "actual_result": "The keyboard combo menu appears and you are able to send messages while it is opened",
  "expected_result": "The screen should return to the welcome page on the text chat",
  "short_description": "Opening the keyboard combos menu under the smartphone download screen allows you to type behind the menu",
  "steps_to_repro": "- Make a new Discord or Scroll up to the top of the first channel in an existing Discord - Click the blue \"your smartphone\" next to the \"Stay connected\" on your welcome page text channel - Press CTRL + / - Click out of the download screen"
 }
}