{
 "id": "5b5f4bdf260123205b7811f0",
 "closed": true,
 "idList": "57716787a06d09cf7e0dd1ca",
 "idShort": 2514,
 "idChecklists": [],
 "labels": [
  {
   "id": "5771673884e677fd364b7221",
   "idBoard": "5771673855f47b547f2decc3",
   "name": "P3: Will get fixed eventually",
   "color": "green"
  },
  {
   "id": "59e5a2e56fd14f3240ea3389",
   "idBoard": "5771673855f47b547f2decc3",
   "name": "low",
   "color": "sky"
  }
 ],
 "shortUrl": "https://trello.com/c/k5YXCKtU",
 "data": {
  "system_settings": "Macbook Air, macOS Sierra 10.12.6",
  "client_settings": "Canary 20174",
  "actual_result": "Not centered",
  "expected_result": "Centered",
  "short_description": "In the invite modal profile picture and name aren't centered",
  "steps_to_repro": "- Open the invite modal - Observe name and pfp, go over them with the mouse"
 }
}