{
 "id": "592900ac7f8e0423775b0cd9",
 "closed": true,
 "idList": "577167f59d3739f090f8fab2",
 "idShort": 682,
 "idChecklists": [],
 "labels": [],
 "shortUrl": "https://trello.com/c/k7SFkoWp",
 "data": {
  "system_settings": "Windows 10 pro 64bit",
  "client_settings": "desktop canary, 0.0.154",
  "actual_result": "it shows nothing",
  "expected_result": "It shows what changes have been made to the server",
  "short_description": "Audit logs do not show what changed when changing verification levels when expanded",
  "steps_to_repro": "- change verification levels - look at audit logs - try to expand - Nothing happens"
 }
}