{
 "id": "5b8694098dd0787c6038da30",
 "closed": true,
 "idList": "57716787a06d09cf7e0dd1ca",
 "idShort": 2826,
 "idChecklists": [],
 "labels": [
  {
   "id": "5771673884e677fd364b7221",
   "idBoard": "5771673855f47b547f2decc3",
   "name": "P3: Will get fixed eventually",
   "color": "green"
  },
  {
   "id": "59e5a2e56fd14f3240ea3389",
   "idBoard": "5771673855f47b547f2decc3",
   "name": "low",
   "color": "sky"
  }
 ],
 "shortUrl": "https://trello.com/c/K9gDi25H",
 "data": {
  "system_settings": "Windows 10 x64",
  "client_settings": "[BUILD INFO] Release Channel: canary, Build Number: 22665, Version Hash: 7f7348d3a218310ffab17f3cb42e5c9f72bb0d51",
  "actual_result": "Message is edited.",
  "expected_result": "You shouldn't be allowed to submit the edit.",
  "short_description": "It's possible to edit messages without send messages permissions",
  "steps_to_repro": "- Send a message on any channel - Enter editing message, change text, but don't click send/press enter - Ask admin to revoke your permissions to send messages - Click send"
 }
}