{
 "id": "599d8797df0f766a60aa2621",
 "closed": true,
 "idList": "57716787a06d09cf7e0dd1ca",
 "idShort": 1032,
 "idChecklists": [],
 "labels": [
  {
   "id": "5771673884e677fd364b7221",
   "idBoard": "5771673855f47b547f2decc3",
   "name": "P3: Will get fixed eventually",
   "color": "green"
  },
  {
   "id": "59e5a2e56fd14f3240ea3389",
   "idBoard": "5771673855f47b547f2decc3",
   "name": "low",
   "color": "sky"
  }
 ],
 "shortUrl": "https://trello.com/c/KDjAqb58",
 "data": {
  "system_settings": "Windows 10 x64 bit",
  "client_settings": "Desktop Canary, 0.0.163",
  "actual_result": "The top of the menu is cut off <:blobsad:280621860822188032>",
  "expected_result": "You should be able to see the whole Emoji picker menu and not have it cut off at the top.",
  "short_description": "While in a Video Call or Screenshare, when you start searching for an emoji the top of the list is cut off",
  "steps_to_repro": "- Make a friend - Start a Screenshare or video call with said friend - Start typing an emoji name in chat (ex :bl) which would trigger a list of blobs if you are in the blob server. - Notice the top of that picker is cut off. - Profit?"
 }
}