{
 "id": "5b976ea1a89e778607c552e3",
 "closed": true,
 "idList": "577167f59d3739f090f8fab2",
 "idShort": 2959,
 "idChecklists": [],
 "labels": [
  {
   "id": "5771673884e677fd364b7221",
   "idBoard": "5771673855f47b547f2decc3",
   "name": "P3: Will get fixed eventually",
   "color": "green"
  },
  {
   "id": "59e5a2e56fd14f3240ea3389",
   "idBoard": "5771673855f47b547f2decc3",
   "name": "low",
   "color": "sky"
  }
 ],
 "shortUrl": "https://trello.com/c/kUf9QLof",
 "data": {
  "system_settings": "Windows 10 Home x64 1803",
  "client_settings": "Canary Build 23262",
  "actual_result": "Arrow is extremely low underneath the message box",
  "expected_result": "Arrow is in line with the game invite message",
  "short_description": "Arrow for the game invite message is extremely low",
  "steps_to_repro": "- Start a game that allows for game invites, such as Fortnite or osu! - Observe the game invite message below the message bar"
 }
}