{
 "id": "5b785fff6f42a36825f145d5",
 "closed": true,
 "idList": "57716787a06d09cf7e0dd1ca",
 "idShort": 2739,
 "idChecklists": [],
 "labels": [
  {
   "id": "5771673884e677fd364b7221",
   "idBoard": "5771673855f47b547f2decc3",
   "name": "P3: Will get fixed eventually",
   "color": "green"
  },
  {
   "id": "59e5a0baa85872762cbe186c",
   "idBoard": "5771673855f47b547f2decc3",
   "name": "high",
   "color": "pink"
  }
 ],
 "shortUrl": "https://trello.com/c/L0Y6WwGt",
 "data": {
  "system_settings": "Windows 10 Home 64x (Build 17134)",
  "client_settings": "Canary 22210",
  "actual_result": "The button \"View in Store\" is visible, selecting it just reloads the Activity tab.",
  "expected_result": "If the user does not have access to the store, there should not be anything in that context menu.",
  "short_description": "\"View in Store\" is avaliable on the context menu for certain games even if you don't have access to the store.",
  "steps_to_repro": "- Go to the Activity tab. - Find a game that is a beta game for the Discord store. (i.e. Hollow Knight) - Right click on the name of the game. - Observe the \"View in Store\" button."
 }
}