{
 "id": "59f3927b5ffc7d7c99c8da46",
 "closed": true,
 "idList": "577167f59d3739f090f8fab2",
 "idShort": 1328,
 "idChecklists": [],
 "labels": [
  {
   "id": "5771673884e677fd364b7222",
   "idBoard": "5771673855f47b547f2decc3",
   "name": "P2: Fix can wait a while",
   "color": "yellow"
  }
 ],
 "shortUrl": "https://trello.com/c/l327vcZd",
 "data": {
  "system_settings": "Win 7 x64",
  "client_settings": "[BUILD INFO] Release Channel: stable, Build Number: 6444, Version Hash: cd8708231e3e29807f70ec077b27598a4df9013e",
  "actual_result": "Discord crashes",
  "expected_result": "User info pops up",
  "short_description": "Discord crash when inspecting reactions",
  "steps_to_repro": "- open any dm - send a message and add an emoji reaction to it - right click on the message and click reactions - right click on your own name"
 }
}