{
 "id": "5b88af199acf834c47754608",
 "closed": true,
 "idList": "57716787a06d09cf7e0dd1ca",
 "idShort": 2902,
 "idChecklists": [],
 "labels": [
  {
   "id": "5771673884e677fd364b7221",
   "idBoard": "5771673855f47b547f2decc3",
   "name": "P3: Will get fixed eventually",
   "color": "green"
  },
  {
   "id": "59e63698ba5129f6b9a75d0b",
   "idBoard": "5771673855f47b547f2decc3",
   "name": "Mid",
   "color": "lime"
  }
 ],
 "shortUrl": "https://trello.com/c/llzs9Eiu",
 "data": {
  "system_settings": "Windows 10",
  "client_settings": "Canary 22889",
  "actual_result": "the server icons don't move",
  "expected_result": "the server icons scroll as you go through the server list",
  "short_description": "keycombo guild scrolling doesn't scroll guild list [WINDOWS ONLY (might affect linux too)]",
  "steps_to_repro": "- use control + alt + arrow keys to scroll through the guild list"
 }
}