{
 "id": "5bda6ea863b4291433896b66",
 "closed": false,
 "idList": "57716787a06d09cf7e0dd1ca",
 "idShort": 3327,
 "idChecklists": [],
 "labels": [
  {
   "id": "5771673884e677fd364b7222",
   "idBoard": "5771673855f47b547f2decc3",
   "name": "P2: Fix can wait a while",
   "color": "yellow"
  },
  {
   "id": "59e5a2e56fd14f3240ea3389",
   "idBoard": "5771673855f47b547f2decc3",
   "name": "low",
   "color": "sky"
  }
 ],
 "shortUrl": "https://trello.com/c/LW03Me8n",
 "data": {
  "system_settings": "Windows 10 LTSB x64 1607 (14393.2214)",
  "client_settings": "Discord Canary 27227",
  "actual_result": "Your screen turns completely black",
  "expected_result": "The screen should not become completely, a warning should appear.",
  "short_description": "[RESUBMITTING] Screen turns black after joining a call via mobile dvice",
  "steps_to_repro": "- Call someone - Ask them to share their screen or turn on the webcam - Open their screen in full-screen mode - Take your phone - Join the conversation via phone - Look at your PC's screen"
 }
}