{
 "id": "5c19facb162729160ab9b84f",
 "closed": false,
 "idList": "57716787a06d09cf7e0dd1ca",
 "idShort": 3519,
 "idChecklists": [],
 "labels": [
  {
   "id": "5771673884e677fd364b7221",
   "idBoard": "5771673855f47b547f2decc3",
   "name": "P3: Will get fixed eventually",
   "color": "green"
  },
  {
   "id": "59e5a0baa85872762cbe186c",
   "idBoard": "5771673855f47b547f2decc3",
   "name": "high",
   "color": "pink"
  }
 ],
 "shortUrl": "https://trello.com/c/lZw6NvoK",
 "data": {
  "system_settings": "Windows 10 Pro (64-bit)",
  "client_settings": "Release Channel: ptb, Build Number: 30024, Version Hash: b0ad9e932379754d41bd7e876374b0b89679211c",
  "actual_result": "Discord crashes and needs to be reloaded",
  "expected_result": "Discord should change to the new language without crashing",
  "short_description": "Discord crashes when changing language on Gift Inventory screen, with a gift in your gift inventory",
  "steps_to_repro": "- Restart Discord - Have a gift in your inventory (or add one, I used Nitro Classic) - Go to User Settings > Language - Change to another language"
 }
}