{
 "id": "5a6b8b97992fd529fe64a64c",
 "closed": false,
 "idList": "57716787a06d09cf7e0dd1ca",
 "idShort": 1591,
 "idChecklists": [],
 "labels": [
  {
   "id": "5771673884e677fd364b7222",
   "idBoard": "5771673855f47b547f2decc3",
   "name": "P2: Fix can wait a while",
   "color": "yellow"
  },
  {
   "id": "59e5a0baa85872762cbe186c",
   "idBoard": "5771673855f47b547f2decc3",
   "name": "high",
   "color": "pink"
  }
 ],
 "shortUrl": "https://trello.com/c/m3bu1FmO",
 "data": {
  "system_settings": "Windows 10 Pro x64",
  "client_settings": "Canary Build 6008",
  "actual_result": "The overlay does not appear and the game cannot be interacted with in any way.",
  "expected_result": "Overlay appears as normal",
  "short_description": "Settings two keybinds for enabling overlay to the same key causes the application to lose all functionality",
  "steps_to_repro": "- Open User Settings- Open the Overlay tab- Enable overlay- Set keybind- Open Keybinds tab- Add keybind to Toggle Overlay Lock, same keybind as previous.- Launch Game- Enable overlay via keybind"
 }
}