{
 "id": "5b60db1d8222cf2818478efe",
 "closed": true,
 "idList": "577167f59d3739f090f8fab2",
 "idShort": 2547,
 "idChecklists": [],
 "labels": [
  {
   "id": "5771673884e677fd364b7221",
   "idBoard": "5771673855f47b547f2decc3",
   "name": "P3: Will get fixed eventually",
   "color": "green"
  },
  {
   "id": "59e5a2e56fd14f3240ea3389",
   "idBoard": "5771673855f47b547f2decc3",
   "name": "low",
   "color": "sky"
  }
 ],
 "shortUrl": "https://trello.com/c/m7olo7R9",
 "data": {
  "system_settings": "Windows 10 Home 64-bit (v1709)",
  "client_settings": "Discord Canary 0.0.211, Build 20386",
  "actual_result": "Welcome message is way too large and is a darker shade of grey which is harder to see",
  "expected_result": "Welcome message should be smaller and a lighter shade of grey (like seen on Stable)",
  "short_description": "Channel welcome message isn't styled correctly",
  "steps_to_repro": "- Create a new channel that isn't the top most - Observe the welcome messages located at the top"
 }
}