{
 "id": "5b8767049f99424090ed864b",
 "closed": true,
 "idList": "57716787a06d09cf7e0dd1ca",
 "idShort": 2834,
 "idChecklists": [],
 "labels": [
  {
   "id": "5771673884e677fd364b7221",
   "idBoard": "5771673855f47b547f2decc3",
   "name": "P3: Will get fixed eventually",
   "color": "green"
  },
  {
   "id": "59e5a2e56fd14f3240ea3389",
   "idBoard": "5771673855f47b547f2decc3",
   "name": "low",
   "color": "sky"
  }
 ],
 "shortUrl": "https://trello.com/c/m8A4vALG",
 "data": {
  "system_settings": "Windows 10 Pro 64-bit (1803)",
  "client_settings": "Discord Canary 0.0.211 (22791)",
  "actual_result": "It copies the proxy signed URL",
  "expected_result": "It should be the imgur link (if you posted one)",
  "short_description": "When right clicking on an externally embedded image that's expanded, it will copy the proxy signed URL rather than the original link",
  "steps_to_repro": "- Post a link to an image from a third party, i.e imgur - Open the image with left click - Right click then \"Copy link\" - Observe the link"
 }
}