{
 "id": "5b4768d7fced8e8bbe77d31d",
 "closed": true,
 "idList": "57716787a06d09cf7e0dd1ca",
 "idShort": 2260,
 "idChecklists": [],
 "labels": [
  {
   "id": "5771673884e677fd364b7221",
   "idBoard": "5771673855f47b547f2decc3",
   "name": "P3: Will get fixed eventually",
   "color": "green"
  },
  {
   "id": "59e5a2e56fd14f3240ea3389",
   "idBoard": "5771673855f47b547f2decc3",
   "name": "low",
   "color": "sky"
  }
 ],
 "shortUrl": "https://trello.com/c/McHL3QKM",
 "data": {
  "system_settings": "Windows 10 Home, Build 1803",
  "client_settings": "Discord Canary 18317",
  "actual_result": "Xbox Live details are far away from Xbox Logo.",
  "expected_result": "Xbox Live details should be close to Xbox Logo.",
  "short_description": "Playing Xbox Live details are too far out",
  "steps_to_repro": "- Find someone playing Xbox Live - Click on them  - Move your pointer over their profile picture, and click view profile"
 }
}