{
 "id": "5b40ce677420c78c9967e7e7",
 "closed": true,
 "idList": "57716787a06d09cf7e0dd1ca",
 "idShort": 2247,
 "idChecklists": [],
 "labels": [
  {
   "id": "5771673884e677fd364b7221",
   "idBoard": "5771673855f47b547f2decc3",
   "name": "P3: Will get fixed eventually",
   "color": "green"
  },
  {
   "id": "59e5a0baa85872762cbe186c",
   "idBoard": "5771673855f47b547f2decc3",
   "name": "high",
   "color": "pink"
  }
 ],
 "shortUrl": "https://trello.com/c/mLlOu6DF",
 "data": {
  "system_settings": "Windows 10 x64 [Version 10.0.17134.112]",
  "client_settings": "Release Channel: canary, Build Number: 18108, Version Hash: 37823a4013302e76fd7f8f7f59b906bb4ce278bf",
  "actual_result": "Error box \"A JavaScript error occured in the main process\" appears and Discord stuck (startup window without prog. bar).",
  "expected_result": "Message like \"failed to download\" should appear (like when there is no internet connection when Discord is starting).",
  "short_description": "Discord crash when internet disconnects during update downloading",
  "steps_to_repro": "- Just disconnect the internet connection when Discord will be downloading updates during startup"
 }
}