{
 "id": "5971b0cee61cf84e855818e1",
 "closed": true,
 "idList": "57716787a06d09cf7e0dd1ca",
 "idShort": 871,
 "idChecklists": [],
 "labels": [
  {
   "id": "5771673884e677fd364b7221",
   "idBoard": "5771673855f47b547f2decc3",
   "name": "P3: Will get fixed eventually",
   "color": "green"
  }
 ],
 "shortUrl": "https://trello.com/c/MPot0Zdf",
 "data": {
  "system_settings": "Windows 10 pro 64-bit",
  "client_settings": "Discord Canary 0.0.161",
  "actual_result": "Chat scrolls ever so slightly up",
  "expected_result": "Chat should appear as normal",
  "short_description": "Top banners like the no sound one when joining a voice channel and not saying anything, cause chat to scroll up slightly",
  "steps_to_repro": "- Join a voice channel - don't say anything - wait until red banner appears warning you it's not detecting sound"
 }
}