{
 "id": "5aa7a79ebdea7763436958cd",
 "closed": true,
 "idList": "581286a2c1e6cd4831c862ca",
 "idShort": 1733,
 "idChecklists": [],
 "labels": [
  {
   "id": "5771673884e677fd364b7221",
   "idBoard": "5771673855f47b547f2decc3",
   "name": "P3: Will get fixed eventually",
   "color": "green"
  },
  {
   "id": "59e5a2e56fd14f3240ea3389",
   "idBoard": "5771673855f47b547f2decc3",
   "name": "low",
   "color": "sky"
  }
 ],
 "shortUrl": "https://trello.com/c/mraQnJxA",
 "data": {
  "system_settings": "Windows 10 Home 64-bit (v1709)",
  "client_settings": "Discord Canary 0.0.203, Build 11951",
  "actual_result": "Icon is pushed to the right becoming half hidden",
  "expected_result": "Icon is fully visible even when Enable In-game Overlay is disabled",
  "short_description": "Toggle Overlay Lock icon in the recording field is half hidden while Enable In-game Overlay is disabled",
  "steps_to_repro": "- Go into User Settings > Overlay - Disable Enable In-game Overlay if not already disabled - Observe the icon to the right of Toggle Overlay Lock's recording field"
 }
}