{
 "id": "5bf04beea8f4c185468db2e8",
 "closed": true,
 "idList": "57716787a06d09cf7e0dd1ca",
 "idShort": 3402,
 "idChecklists": [],
 "labels": [
  {
   "id": "5771673884e677fd364b7221",
   "idBoard": "5771673855f47b547f2decc3",
   "name": "P3: Will get fixed eventually",
   "color": "green"
  },
  {
   "id": "59e63698ba5129f6b9a75d0b",
   "idBoard": "5771673855f47b547f2decc3",
   "name": "Mid",
   "color": "lime"
  }
 ],
 "shortUrl": "https://trello.com/c/mTy7J8N1",
 "data": {
  "system_settings": "Ubuntu 18.04.1 LTS",
  "client_settings": "[BUILD INFO] Release Channel: canary, Build Number: 28192, Version Hash: 18e6f3d88b50eaa00842f1e807621f5ea1e9a8e9",
  "actual_result": "It stays there",
  "expected_result": "The slider resets to the original spot",
  "short_description": "Slider doesn't reset when hitting the reset button in voice channel bitrate",
  "steps_to_repro": "- Go to a voice channel - Change the bit rate - Click reset -"
 }
}