{
 "id": "58357543722ad53a8702c97b",
 "closed": true,
 "idList": "577167f59d3739f090f8fab2",
 "idShort": 169,
 "idChecklists": [],
 "labels": [
  {
   "id": "5771673884e677fd364b7221",
   "idBoard": "5771673855f47b547f2decc3",
   "name": "P3: Will get fixed eventually",
   "color": "green"
  }
 ],
 "shortUrl": "https://trello.com/c/N0gnfJ0I",
 "data": {
  "actual_result": "invoking message stays.",
  "expected_result": "All messages delete.",
  "short_description": "When prunning messages, sometimes discord bugs and shows already deleted messages.",
  "steps_to_repro": "- Find a bot that has the prune command, in this case i used napstabot. - prune the chat, example &prune 4. - see 4 messages get deleted but quickly see yours come back. "
 }
}