{
 "id": "5b4f8048e231b5206587e574",
 "closed": true,
 "idList": "581286a2c1e6cd4831c862ca",
 "idShort": 2306,
 "idChecklists": [],
 "labels": [],
 "shortUrl": "https://trello.com/c/N6iHjtCd",
 "data": {
  "system_settings": "Windows 10 Pro 64-bit (1803)",
  "client_settings": "Discord Canary 0.0.211 (19091)",
  "actual_result": "Nothing, it just jumps to the message without highlighting",
  "expected_result": "It's supposed to highlight the message like on stable",
  "short_description": "When jumping to a message from pins that has an embed, the message won't be highlighted like on stable",
  "steps_to_repro": "- Pin an image - Jump to it - Observe the no highlight"
 }
}