{
 "id": "5b99740560a2f637880996ff",
 "closed": false,
 "idList": "5b47dde20d51e9100dd6c0f0",
 "idShort": 2975,
 "idChecklists": [],
 "labels": [
  {
   "id": "5771673884e677fd364b7221",
   "idBoard": "5771673855f47b547f2decc3",
   "name": "P3: Will get fixed eventually",
   "color": "green"
  },
  {
   "id": "59e5a2e56fd14f3240ea3389",
   "idBoard": "5771673855f47b547f2decc3",
   "name": "low",
   "color": "sky"
  }
 ],
 "shortUrl": "https://trello.com/c/N7fVOmTp",
 "data": {
  "system_settings": "Windows 10 Pro x64 Build v1803",
  "client_settings": "Canary Build 23506",
  "actual_result": "The X/Close button is static in the top right corner",
  "expected_result": "The X/Close button for Overlay should move to the left side",
  "short_description": "Overlay X/Close Button is static/doesn't move in the top right hand corner of your screen",
  "steps_to_repro": "- Launch a game and have Discord overlay enabled - Join a voice channel - Move the box that contains voice channel users to the top right corner"
 }
}