{
 "id": "5a4dc7a55a3fca017847cd67",
 "closed": true,
 "idList": "57716787a06d09cf7e0dd1ca",
 "idShort": 1512,
 "idChecklists": [],
 "labels": [
  {
   "id": "5771673884e677fd364b7221",
   "idBoard": "5771673855f47b547f2decc3",
   "name": "P3: Will get fixed eventually",
   "color": "green"
  },
  {
   "id": "59e63698ba5129f6b9a75d0b",
   "idBoard": "5771673855f47b547f2decc3",
   "name": "Mid",
   "color": "lime"
  }
 ],
 "shortUrl": "https://trello.com/c/NDtW68YR",
 "data": {
  "system_settings": "Win 10 Pro 64-bit",
  "client_settings": "Canary (9209)",
  "actual_result": "You quickly get undeafened and deafened again. You must use your Mute keybind to undeafen.(Some times it will work correctly depending on the timing of pressing keys...)",
  "expected_result": "You undeafen and still are muted (or if you didn't mute first, you are unmuted)",
  "short_description": "When using Shift+Ctrl+(Key) and Ctrl+(Key) to mute/deafen causes deafen to become stuck",
  "steps_to_repro": "- Set a mute keybind to Ctrl+p(any key works) - Set a Deafen keybind to Ctrl+Shift+p - Enter any voice channel - Use Ctrl+p to mute (or don't) -Then use Ctrl+Shift+p to deafen - Use it again to undeafen"
 }
}