{
 "id": "5b88c37e1f2098246e89a400",
 "closed": true,
 "idList": "57716787a06d09cf7e0dd1ca",
 "idShort": 2903,
 "idChecklists": [],
 "labels": [
  {
   "id": "5771673884e677fd364b7221",
   "idBoard": "5771673855f47b547f2decc3",
   "name": "P3: Will get fixed eventually",
   "color": "green"
  },
  {
   "id": "59e5a2e56fd14f3240ea3389",
   "idBoard": "5771673855f47b547f2decc3",
   "name": "low",
   "color": "sky"
  }
 ],
 "shortUrl": "https://trello.com/c/nK3tYa7Y",
 "data": {
  "system_settings": "Windows 10 Home x64 (1803)",
  "client_settings": "Discord Canary Build 22889",
  "actual_result": "The X button is off center",
  "expected_result": "The X button is supposed to be centered",
  "short_description": "The X Button from the Search box is off center on 75% zoom",
  "steps_to_repro": "- Go to any server or DM - Search something with a search options filter/no search options filter - Observe the X button to close out of the text box"
 }
}