{
 "id": "5b628153036c878fb645a116",
 "closed": true,
 "idList": "577167f59d3739f090f8fab2",
 "idShort": 2585,
 "idChecklists": [],
 "labels": [],
 "shortUrl": "https://trello.com/c/nkJsa2Gx",
 "data": {
  "system_settings": "Windows 10 Home (1803) x64",
  "client_settings": "Discord Canary 0.0.211 (Build 20535)",
  "actual_result": "The cursor is applied right at the front of the strong",
  "expected_result": "The cursor is applied at the end",
  "short_description": "Pressing Up Arrow to edit last sent message misplaces cursor",
  "steps_to_repro": "- Send a message - Tap the up arrow to edit your last sent message"
 }
}