{
 "id": "5bcc8a17a6c6eb47d7d33a77",
 "closed": false,
 "idList": "5b47dde20d51e9100dd6c0f0",
 "idShort": 3259,
 "idChecklists": [],
 "labels": [
  {
   "id": "5771673884e677fd364b7221",
   "idBoard": "5771673855f47b547f2decc3",
   "name": "P3: Will get fixed eventually",
   "color": "green"
  },
  {
   "id": "59e5a2e56fd14f3240ea3389",
   "idBoard": "5771673855f47b547f2decc3",
   "name": "low",
   "color": "sky"
  }
 ],
 "shortUrl": "https://trello.com/c/nkl8NSG2",
 "data": {
  "system_settings": "Windows 10 build 17134.285",
  "client_settings": "[BUILD INFO] Release Channel: stable, Build Number: 26344, Version Hash: dd79c191e1c3276e7afc28da7fa1ae2230b60708",
  "actual_result": "The overlay gets shoved into what looks like a 100x100 pixel box in the top left of the screen",
  "expected_result": "The overlay should open and display its usual stuff",
  "short_description": "Overlay goes really small when hooked by OBS game capture in SOMA",
  "steps_to_repro": "- Start SOMA - Start OBS, make a game capture source and select SOMA - Bug occurs as soon as the game capture finds SOMA"
 }
}