{
 "id": "59276136703c4f819d745cf4",
 "closed": true,
 "idList": "581286a2c1e6cd4831c862ca",
 "idShort": 673,
 "idChecklists": [],
 "labels": [
  {
   "id": "5771673884e677fd364b7221",
   "idBoard": "5771673855f47b547f2decc3",
   "name": "P3: Will get fixed eventually",
   "color": "green"
  }
 ],
 "shortUrl": "https://trello.com/c/nubQV31v",
 "data": {
  "system_settings": "Windows 10 Home x64, Creators update",
  "client_settings": "Discord Stable 0.0.297 and Canary 0.0.154",
  "actual_result": "Non-square images are squashed to fit the preview. This is not representative of the final result, as clicking the save button will then update it to the correct, cropped preview. Works fine when uploading via the other (Change Icon) button.",
  "expected_result": "The preview should show a cropped version of the image, rather than a distorted/squashed one. i.e. It should show the same result as when using the \"Change Icon\" button",
  "short_description": "Sever icon preview is distorted when using the \"Upload Image\" button",
  "steps_to_repro": "- Go to Server Settings > Overview - Click \"Upload Image\" (Not \"Change Icon\", which appears when hovering over the current icon) - Select an image that isn't square"
 }
}