{
 "id": "5a690e6363881082b2fbe2b1",
 "closed": true,
 "idList": "57716787a06d09cf7e0dd1ca",
 "idShort": 1584,
 "idChecklists": [],
 "labels": [
  {
   "id": "5771673884e677fd364b7221",
   "idBoard": "5771673855f47b547f2decc3",
   "name": "P3: Will get fixed eventually",
   "color": "green"
  },
  {
   "id": "59e5a0baa85872762cbe186c",
   "idBoard": "5771673855f47b547f2decc3",
   "name": "high",
   "color": "pink"
  }
 ],
 "shortUrl": "https://trello.com/c/O7tXeyzm",
 "data": {
  "system_settings": "Windows 10 Home Fall CU x64",
  "client_settings": "Canary 9837",
  "actual_result": "2nd mention resolves and shows that the user is mentioned",
  "expected_result": "2nd mention shouldn't resolve as the user is not in the channel, like the 1st mention",
  "short_description": "Discord auto resolves mentions if user is pinged without discrim in a channel that they don't have access to.",
  "steps_to_repro": "- Have a private channel that people don't have access to. - Find someone to test ping. - Try to ping with discrim included. ex. @turkey#1234 - May or may not work. - Now try without discrim. ex. @turkey"
 }
}