{
 "id": "5a8e7727ee127b3b33b364b6",
 "closed": true,
 "idList": "5771678de6092759049c939f",
 "idShort": 1680,
 "idChecklists": [],
 "labels": [
  {
   "id": "5771673884e677fd364b7221",
   "idBoard": "5771673855f47b547f2decc3",
   "name": "P3: Will get fixed eventually",
   "color": "green"
  },
  {
   "id": "59e5a2e56fd14f3240ea3389",
   "idBoard": "5771673855f47b547f2decc3",
   "name": "low",
   "color": "sky"
  }
 ],
 "shortUrl": "https://trello.com/c/oCUrQS5F",
 "data": {
  "system_settings": "Windows 10 Professional, Version 10.0.16299 Build 16299",
  "client_settings": "PTB 0.0.41",
  "actual_result": "The icons 'hide' behind the image, becoming unclickable. (This only occurs at lower screen resolutions and at smaller window sizes.)",
  "expected_result": "The emoticon and triple dot icon should disappear or go above the image.",
  "short_description": "Emoticon and triple dot icons go behind image when search dialog opened.",
  "steps_to_repro": "- Open the search dialog in the top-right of Discord. - Search for an Image. (has:image) - Select \"JUMP\" on that image. - Hover over the image, you will notice the icons are now partially or fully obfuscated."
 }
}