{
 "id": "5b313a3cd81b773b7f2a6e2d",
 "closed": true,
 "idList": "5771677fda45a436c5b8d255",
 "idShort": 2200,
 "idChecklists": [],
 "labels": [],
 "shortUrl": "https://trello.com/c/ofBI4Z7K",
 "data": {
  "system_settings": "Windows 10 Home",
  "client_settings": "[BUILD INFO] Release Channel: stable, Build Number: 17627",
  "actual_result": "The timeline will appear in English",
  "expected_result": "The timeline should appear in Spanish",
  "short_description": "Timeline in messages won't appear in Spanish when switched to this language but in English",
  "steps_to_repro": "- User Settings - Language - Espa\u00f1ol - Check timeline on any message"
 }
}