{
 "id": "5b64cd58eace9f56f6c38b9e",
 "closed": true,
 "idList": "57716787a06d09cf7e0dd1ca",
 "idShort": 2619,
 "idChecklists": [],
 "labels": [
  {
   "id": "5771673884e677fd364b7221",
   "idBoard": "5771673855f47b547f2decc3",
   "name": "P3: Will get fixed eventually",
   "color": "green"
  },
  {
   "id": "59e63698ba5129f6b9a75d0b",
   "idBoard": "5771673855f47b547f2decc3",
   "name": "Mid",
   "color": "lime"
  }
 ],
 "shortUrl": "https://trello.com/c/OqMHwiuc",
 "data": {
  "system_settings": "Windows 10 Pro x64",
  "client_settings": "Discord PTB, Build 20579",
  "actual_result": "You see the green circle around their avatar indicating they are transmitting",
  "expected_result": "You should be unable to see the green circle around their avatar indicating they are transmitting",
  "short_description": "You can see others transmitting voice when you are deafened",
  "steps_to_repro": "- Join a voice channel with at least one other user - Deafen yourself - Tell the other user to transmit over voice"
 }
}