{
 "id": "58d07ab54e7ec316d00486df",
 "closed": true,
 "idList": "577167f59d3739f090f8fab2",
 "idShort": 445,
 "idChecklists": [],
 "labels": [
  {
   "id": "5771673884e677fd364b7221",
   "idBoard": "5771673855f47b547f2decc3",
   "name": "P3: Will get fixed eventually",
   "color": "green"
  }
 ],
 "shortUrl": "https://trello.com/c/oSDBel1j",
 "data": {
  "system_settings": " Arch 0.15 canary",
  "actual_result": "a blank screen",
  "expected_result": "skip over the server",
  "short_description": "trying to `ctrl+tab` to a offline server causes a blank screen to appear",
  "steps_to_repro": "- have a server offline - use ctrl+tab to switch to it "
 }
}