{
 "id": "59ba7da149430794f2bd2c51",
 "closed": true,
 "idList": "577167f59d3739f090f8fab2",
 "idShort": 1127,
 "idChecklists": [],
 "labels": [
  {
   "id": "5771673884e677fd364b7222",
   "idBoard": "5771673855f47b547f2decc3",
   "name": "P2: Fix can wait a while",
   "color": "yellow"
  }
 ],
 "shortUrl": "https://trello.com/c/oxMgrdJ3",
 "data": {
  "system_settings": "Windows 10 Home x64",
  "client_settings": "Canary 0.0.163 (Build 4175)",
  "actual_result": "The category doesn't move below it, but can be moved above it. You don't see the green line when moving below it, only when moving above it.",
  "expected_result": "The category to be moved.",
  "short_description": "Categories cannot be moved below a collapsed channel category.",
  "steps_to_repro": "- make some categories - collapse some channel categories - drag a category below a collapsed category"
 }
}