{
 "id": "59fbc8ef93f5991e15559597",
 "closed": true,
 "idList": "57d19c9d9c34060a61b95f57",
 "idShort": 1346,
 "idChecklists": [],
 "labels": [
  {
   "id": "5771673884e677fd364b7221",
   "idBoard": "5771673855f47b547f2decc3",
   "name": "P3: Will get fixed eventually",
   "color": "green"
  }
 ],
 "shortUrl": "https://trello.com/c/pBB7JwBw",
 "data": {
  "system_settings": "Windows 10 Home x64",
  "client_settings": "Canary 6643",
  "actual_result": "The message does not appear",
  "expected_result": "The message should appear in search results",
  "short_description": "When emojis aren't Discord-style and in a URL, they aren't searchable https://i.imgur.com/yYDZzKQ.png",
  "steps_to_repro": "- Create a URL with emoji in it - they can't be the Discord ones, they need to be the \"default\" ones (they appear small) - Search for the emojis, and the URL will not appear in the results"
 }
}