{
 "id": "58e051b83417c5b587a3644a",
 "closed": true,
 "idList": "5771677fda45a436c5b8d255",
 "idShort": 473,
 "idChecklists": [],
 "labels": [],
 "shortUrl": "https://trello.com/c/PC1R4JHo",
 "data": {
  "system_settings": " Windows 10 Home",
  "actual_result": "does nothing and gets a Type Error.",
  "expected_result": "Menu Closes",
  "short_description": "trying to click done in channel settings, or role settings causes a Type error.",
  "steps_to_repro": "- Open settings of channel or server - Attempt to click done - see type error in logs. "
 }
}