{
 "id": "5ae677cba721f2ec094aa3da",
 "closed": true,
 "idList": "57716787a06d09cf7e0dd1ca",
 "idShort": 1910,
 "idChecklists": [],
 "labels": [
  {
   "id": "59e63698ba5129f6b9a75d0b",
   "idBoard": "5771673855f47b547f2decc3",
   "name": "Mid",
   "color": "lime"
  },
  {
   "id": "5771673884e677fd364b7221",
   "idBoard": "5771673855f47b547f2decc3",
   "name": "P3: Will get fixed eventually",
   "color": "green"
  }
 ],
 "shortUrl": "https://trello.com/c/pderxX3a",
 "data": {
  "system_settings": "Windows 10 x64 Build 16299.371",
  "client_settings": "Build Number: 14308",
  "actual_result": "directs to",
  "expected_result": "directs to",
  "short_description": "If you submit a link which ends in a period and is apart of link such as ``https://fortnitetracker.com/profile/pc/No1ne.`` it will show the correct link in the rich embed but hypertext excludes the period",
  "steps_to_repro": "- Step 1 - Post any link that includes a period at the end   - Step 2 - Click on the highlighted link text which does not include the period in link."
 }
}