{
 "id": "59dad545af6315f40c59e211",
 "closed": true,
 "idList": "577167f59d3739f090f8fab2",
 "idShort": 1241,
 "idChecklists": [],
 "labels": [
  {
   "id": "5771673884e677fd364b7221",
   "idBoard": "5771673855f47b547f2decc3",
   "name": "P3: Will get fixed eventually",
   "color": "green"
  }
 ],
 "shortUrl": "https://trello.com/c/pgceLztT",
 "data": {
  "system_settings": "Macbook Pro 2015 Screen resolution: 15,4-inch (2880 x 1800), MacOS Sierra: Version 10.13",
  "client_settings": "Discord Canary, 0.0.155",
  "actual_result": "The text bugs out and doesn't know where to go",
  "expected_result": "Nothing happens / the scroll up cancels",
  "short_description": "Clicking on the \"new messages bar\" and scrolling down at the same time makes the text clip trough itself",
  "steps_to_repro": "- Go in a channel that has the \"New messages bar\" - Click it - immediately scroll down - See the text bug out"
 }
}