{
 "id": "5b599997e39cdfbb40863649",
 "closed": true,
 "idList": "57716787a06d09cf7e0dd1ca",
 "idShort": 2437,
 "idChecklists": [],
 "labels": [
  {
   "id": "5771673884e677fd364b7221",
   "idBoard": "5771673855f47b547f2decc3",
   "name": "P3: Will get fixed eventually",
   "color": "green"
  },
  {
   "id": "59e5a0baa85872762cbe186c",
   "idBoard": "5771673855f47b547f2decc3",
   "name": "high",
   "color": "pink"
  }
 ],
 "shortUrl": "https://trello.com/c/Pi92Q0Tj",
 "data": {
  "system_settings": "Windows 10 Home 64-bit (1803)",
  "client_settings": "Desktop Canary 19880",
  "actual_result": "There is more padding between the first text message and the emote than the second text message and emote (refer image)",
  "expected_result": "Padding between messages should be even",
  "short_description": "Uneven padding between messages",
  "steps_to_repro": "- send a message with only an emote - send another message with text - highlight all three messages"
 }
}