{
 "id": "5bd273ad9765048326caa36d",
 "closed": false,
 "idList": "57716787a06d09cf7e0dd1ca",
 "idShort": 3284,
 "idChecklists": [],
 "labels": [
  {
   "id": "5771673884e677fd364b7221",
   "idBoard": "5771673855f47b547f2decc3",
   "name": "P3: Will get fixed eventually",
   "color": "green"
  },
  {
   "id": "59e5a2e56fd14f3240ea3389",
   "idBoard": "5771673855f47b547f2decc3",
   "name": "low",
   "color": "sky"
  }
 ],
 "shortUrl": "https://trello.com/c/piEO4y1i",
 "data": {
  "system_settings": "Windows 10, Chrome Version 69.0.3497.100 (Official Build) (64-bit)",
  "client_settings": "This bug occurs on the support section of the website.",
  "actual_result": "The box rapidly bobs up and down.",
  "expected_result": "The box element should hover slightly to indicate it is being selected.",
  "short_description": "On the support section of the Discord site, hovering over the bottom of any of the boxes makes it spaz out.",
  "steps_to_repro": ""
 }
}