{
 "id": "5c0a20560893bd08ce19d7b2",
 "closed": false,
 "idList": "577167f59d3739f090f8fab2",
 "idShort": 3473,
 "idChecklists": [],
 "labels": [
  {
   "id": "5771673884e677fd364b7221",
   "idBoard": "5771673855f47b547f2decc3",
   "name": "P3: Will get fixed eventually",
   "color": "green"
  },
  {
   "id": "59e63698ba5129f6b9a75d0b",
   "idBoard": "5771673855f47b547f2decc3",
   "name": "Mid",
   "color": "lime"
  }
 ],
 "shortUrl": "https://trello.com/c/POL9jtiJ",
 "data": {
  "system_settings": "Windows 10 Home 64-bit (v1803)",
  "client_settings": "Discord Canary 0.0.224, Build 29129",
  "actual_result": "The client crashes",
  "expected_result": "The Server Settings panel should close",
  "short_description": "Pressing ESC as you're loading the Audit Log section of Server Settings causes the client to crash",
  "steps_to_repro": "- Have the View Audit Log permission in a server - Right-click on the server's icon and go directly to the Audit Log section - Press the ESC key as soon as the Server Settings frame appears (timing specific, so give it a few tries)"
 }
}