{
 "id": "59c692cc00f519461cdbcc0a",
 "closed": true,
 "idList": "577167f59d3739f090f8fab2",
 "idShort": 1189,
 "idChecklists": [],
 "labels": [
  {
   "id": "5771673884e677fd364b7221",
   "idBoard": "5771673855f47b547f2decc3",
   "name": "P3: Will get fixed eventually",
   "color": "green"
  }
 ],
 "shortUrl": "https://trello.com/c/PoqOgM9J",
 "data": {
  "system_settings": "MacBook Pro 13\" (2016), macOS Sierra 10.12.6",
  "client_settings": "Discord Canary, 0.0.154",
  "actual_result": "Nothing is shown, it looks like a normal voice channel.",
  "expected_result": "The voice channel should have a lock icon because the `@everyone` role can't view it and you need certain roles/permission to view",
  "short_description": "Lock icon on voice channels missing when denying `View channel` permission for `@everyone`",
  "steps_to_repro": "- Create or have a voice channel - Deny the permission to view the channel for the `@\u200beveryone` role - Make sure you are using the `View channel` and not the `Connect` permission - Observe the channel icon"
 }
}