{
 "id": "5a593fa221043daf925fb5e7",
 "closed": true,
 "idList": "577167f59d3739f090f8fab2",
 "idShort": 1540,
 "idChecklists": [],
 "labels": [
  {
   "id": "5771673884e677fd364b7221",
   "idBoard": "5771673855f47b547f2decc3",
   "name": "P3: Will get fixed eventually",
   "color": "green"
  },
  {
   "id": "59e5a2e56fd14f3240ea3389",
   "idBoard": "5771673855f47b547f2decc3",
   "name": "low",
   "color": "sky"
  }
 ],
 "shortUrl": "https://trello.com/c/pqdADjRI",
 "data": {
  "system_settings": "Windows 10 Home FCU x64",
  "client_settings": "Discord Canary [9514], vHash: cb2f8c7d0223a5d2b3e902e78da4cf03f0679f68",
  "actual_result": "The cursor turns to the \"pointing hyperlink hand\" cursor state, despite the image not being able to be clicked directly to do any action.",
  "expected_result": "The cursor should stay in the arrow cursor state when hovering over the picture.",
  "short_description": "Wrong cursor when hovering over big image preview",
  "steps_to_repro": "- Open an image preview inside Discord - Hover the cursor over it"
 }
}