{
 "id": "5b6b307433bf628136672acb",
 "closed": true,
 "idList": "5771678de6092759049c939f",
 "idShort": 2646,
 "idChecklists": [],
 "labels": [],
 "shortUrl": "https://trello.com/c/pRE20tJ2",
 "data": {
  "system_settings": "Windows 10 Home (x64, 1803)",
  "client_settings": "Discord Canary 21209",
  "actual_result": "\"save changes\" popup doesn't work and won't let you exit",
  "expected_result": "You can exit out of the server settings without problems",
  "short_description": "Verification when changing server icon will not leave if you only change the server icon",
  "steps_to_repro": "- find a server with an icon that you can change - change it, and only that - click the x, then save changes"
 }
}