{
 "id": "5b5aeb5de5f001d9c7a5b99f",
 "closed": true,
 "idList": "57716787a06d09cf7e0dd1ca",
 "idShort": 2451,
 "idChecklists": [],
 "labels": [
  {
   "id": "5771673884e677fd364b7221",
   "idBoard": "5771673855f47b547f2decc3",
   "name": "P3: Will get fixed eventually",
   "color": "green"
  },
  {
   "id": "59e5a2e56fd14f3240ea3389",
   "idBoard": "5771673855f47b547f2decc3",
   "name": "low",
   "color": "sky"
  }
 ],
 "shortUrl": "https://trello.com/c/Q18JcsI8",
 "data": {
  "system_settings": "Macbook Air, macOS Sierra 10.12.6",
  "client_settings": "Canary 20037",
  "actual_result": "It is misaligned",
  "expected_result": "Should be in the middle",
  "short_description": "VIP Server region tag misaligned at 90% zoom [Mac Specific]",
  "steps_to_repro": "- Have a server with a VIP Server Region (reproable with Discord API which has public server settings) - Be at 90% zoom - Go to server settings and observe the VIP tag under the flag"
 }
}