{
 "id": "5b578eae48287221ccdd955e",
 "closed": true,
 "idList": "57716787a06d09cf7e0dd1ca",
 "idShort": 2421,
 "idChecklists": [],
 "labels": [
  {
   "id": "5771673884e677fd364b7221",
   "idBoard": "5771673855f47b547f2decc3",
   "name": "P3: Will get fixed eventually",
   "color": "green"
  },
  {
   "id": "59e5a2e56fd14f3240ea3389",
   "idBoard": "5771673855f47b547f2decc3",
   "name": "low",
   "color": "sky"
  }
 ],
 "shortUrl": "https://trello.com/c/Q9hp2F8U",
 "data": {
  "system_settings": "(Doesn\u2019t matters) Windows 10 Professional Latest Insider Build Turkish",
  "client_settings": "It can be any Chrome based Discord",
  "actual_result": "Easy rickrolls and earrapes.",
  "expected_result": "It should either resize the player or not allow to send the file.",
  "short_description": "If you send a video thats 50x50 pixels or smaller that will look like a dot and it will play the video with audio when clicked.",
  "steps_to_repro": "- Make a video with any supported software. - Export it as 50x50 or less pixel [i thought it was 2x2 only thanks to <@363699988628373504> for testing it with different sizes) keep the ratio 1:1) - Send it over Discord as mp4, avi, mov or webm to someone that uses desktop client."
 }
}