{
 "id": "5904c6c86e01b551cf31938a",
 "closed": true,
 "idList": "577167f59d3739f090f8fab2",
 "idShort": 577,
 "idChecklists": [],
 "labels": [
  {
   "id": "5771673884e677fd364b7221",
   "idBoard": "5771673855f47b547f2decc3",
   "name": "P3: Will get fixed eventually",
   "color": "green"
  }
 ],
 "shortUrl": "https://trello.com/c/Q9qs1IBz",
 "data": {
  "system_settings": " Newest PTB, Win 10",
  "actual_result": "The debug-info is getting moved too",
  "expected_result": "Only the channel should get moved",
  "short_description": "Moving the Debug-Info",
  "steps_to_repro": "- Have enough channels, until you can scroll - Open the debug-info when connected to a channel (\"i\") - Move a channel to the right or something - You will see, that the debug-info is getting moved too "
 }
}