{
 "id": "5b5169614ad523721b6165ae",
 "closed": false,
 "idList": "5b1874f39c86d88c1b6bf801",
 "idShort": 2350,
 "idChecklists": [],
 "labels": [
  {
   "id": "5771673884e677fd364b7221",
   "idBoard": "5771673855f47b547f2decc3",
   "name": "P3: Will get fixed eventually",
   "color": "green"
  },
  {
   "id": "59e5a2e56fd14f3240ea3389",
   "idBoard": "5771673855f47b547f2decc3",
   "name": "low",
   "color": "sky"
  }
 ],
 "shortUrl": "https://trello.com/c/QcHyPf9B",
 "data": {
  "system_settings": "Windows 10 Pro x64 v1803 Firefox Nightly v63.0a1",
  "client_settings": "NA",
  "actual_result": "It only redirects to the My Applications page.",
  "expected_result": "The login page should redirect with the full URL",
  "short_description": "[Website Bug] Going to an application URL without being logged in does not retain the full URL path when being redirected.",
  "steps_to_repro": "- Go to a URL for your application without being logged in - Log in to Discord"
 }
}