{
 "id": "5b82b040f8262b585e29e831",
 "closed": true,
 "idList": "57716787a06d09cf7e0dd1ca",
 "idShort": 2807,
 "idChecklists": [],
 "labels": [
  {
   "id": "5771673884e677fd364b7221",
   "idBoard": "5771673855f47b547f2decc3",
   "name": "P3: Will get fixed eventually",
   "color": "green"
  },
  {
   "id": "59e5a2e56fd14f3240ea3389",
   "idBoard": "5771673855f47b547f2decc3",
   "name": "low",
   "color": "sky"
  }
 ],
 "shortUrl": "https://trello.com/c/QfONJmqO",
 "data": {
  "system_settings": "MacBook Pro (13\"), macOS 10.13.6",
  "client_settings": "Canary 22587",
  "actual_result": "Nothing happens",
  "expected_result": "The same action as pressing \u2325 + the green button in the top left",
  "short_description": "You cannot double click the top of the window to resize the window [macOS Specific]",
  "steps_to_repro": "- Double click the top of the window"
 }
}