{
 "id": "5b4d367084807d61f9a012f1",
 "closed": true,
 "idList": "581286a2c1e6cd4831c862ca",
 "idShort": 2275,
 "idChecklists": [],
 "labels": [],
 "shortUrl": "https://trello.com/c/QjUCeGhz",
 "data": {
  "system_settings": "Windows 10 Home x64 1803",
  "client_settings": "Canary 0.0.211 Build 18911",
  "actual_result": "no text is able to enter",
  "expected_result": "Text goes in just fine",
  "short_description": "Unable to edit your messages",
  "steps_to_repro": "- Send a message - right click on your message - click edit message - attempt adding in new text"
 }
}