{
 "id": "5b8394426cd22f07cb395bb5",
 "closed": true,
 "idList": "57716787a06d09cf7e0dd1ca",
 "idShort": 2810,
 "idChecklists": [],
 "labels": [
  {
   "id": "5771673884e677fd364b7221",
   "idBoard": "5771673855f47b547f2decc3",
   "name": "P3: Will get fixed eventually",
   "color": "green"
  },
  {
   "id": "59e5a2e56fd14f3240ea3389",
   "idBoard": "5771673855f47b547f2decc3",
   "name": "low",
   "color": "sky"
  }
 ],
 "shortUrl": "https://trello.com/c/qLlrty5I",
 "data": {
  "system_settings": "Windows 10 Home x64 1803",
  "client_settings": "Canary Build 22587",
  "actual_result": "Text is moved slightly upwards and to the right",
  "expected_result": "Text should be centered in the middle of the button",
  "short_description": "\"Enable SMS\" text isn't centered when on 90 zoom",
  "steps_to_repro": "- Enable 2FA if you don't have it enabled - Change your zoom level to 90 - Observe the \"Enable SMS\" button under account in settings - (You may want to use something that can count the pixels, I use ShareX)"
 }
}