{
 "id": "5bcf65be300cdf1cc8843d46",
 "closed": true,
 "idList": "57716787a06d09cf7e0dd1ca",
 "idShort": 3274,
 "idChecklists": [],
 "labels": [
  {
   "id": "5771673884e677fd364b7221",
   "idBoard": "5771673855f47b547f2decc3",
   "name": "P3: Will get fixed eventually",
   "color": "green"
  },
  {
   "id": "59e5a2e56fd14f3240ea3389",
   "idBoard": "5771673855f47b547f2decc3",
   "name": "low",
   "color": "sky"
  }
 ],
 "shortUrl": "https://trello.com/c/QR5XmHkp",
 "data": {
  "system_settings": "Windos 10 pro x64",
  "client_settings": "Canary 26772",
  "actual_result": "both edits are shown as edit of the first user's perms",
  "expected_result": "It should show 2 different edits, for each user one",
  "short_description": "editing channel overrides for 2 different user shows both edits as overrides for the first User in Audit log",
  "steps_to_repro": "- make sure, 2 users are already listed in channel overrides- edit a channel permission of the first user - edit a channel permission of the second user - observe audit log"
 }
}