{
 "id": "5c340ec6c903e123a40ba352",
 "closed": false,
 "idList": "577167f59d3739f090f8fab2",
 "idShort": 3581,
 "idChecklists": [],
 "labels": [],
 "shortUrl": "https://trello.com/c/QRctHhJL",
 "data": {
  "system_settings": "Windows 10 x64 Home, 1803",
  "client_settings": "[BUILD INFO] Release Channel: canary, Build Number: 30566, Version Hash: a6ae4626f56fe71fa3d9ddfbf3ffa72094bee66c",
  "actual_result": "Nothing happens",
  "expected_result": "Discord is supposed to pull up a file browser where you can select your profile picture",
  "short_description": "Profile picture cannot be changed from the desktop client",
  "steps_to_repro": "- Open Discord Canary - Open User Settings - Press on Edit - Try clicking on either the profile picture or the add image button in the settings menu"
 }
}