{
 "id": "59efe658e80dbc8b057690f7",
 "closed": true,
 "idList": "5771678de6092759049c939f",
 "idShort": 1315,
 "idChecklists": [],
 "labels": [
  {
   "id": "5771673884e677fd364b7221",
   "idBoard": "5771673855f47b547f2decc3",
   "name": "P3: Will get fixed eventually",
   "color": "green"
  },
  {
   "id": "59e63698ba5129f6b9a75d0b",
   "idBoard": "5771673855f47b547f2decc3",
   "name": "Mid",
   "color": "lime"
  }
 ],
 "shortUrl": "https://trello.com/c/qtPAaDSa",
 "data": {
  "system_settings": "Windows 10 Pro (Version 1703)",
  "client_settings": "DiscordCanary (0.0.167)",
  "actual_result": "Can't see the friend totally",
  "expected_result": "See the friend (name, avatar, status, etc..)",
  "short_description": "When you need to scroll down your friendlist, the last friend are not visible",
  "steps_to_repro": "- Go to your friendlist (all friends or just online) - Need scroll down the list - Scroll down to the last friend at the bottom of list - Aptempt to see the last friend in list"
 }
}