{
 "id": "5930df2f6e2ca4c324136cb6",
 "closed": true,
 "idList": "57716787a06d09cf7e0dd1ca",
 "idShort": 711,
 "idChecklists": [],
 "labels": [
  {
   "id": "5771673884e677fd364b7221",
   "idBoard": "5771673855f47b547f2decc3",
   "name": "P3: Will get fixed eventually",
   "color": "green"
  }
 ],
 "shortUrl": "https://trello.com/c/qVqkqlVb",
 "data": {
  "system_settings": "-w",
  "client_settings": "Discord Canary, 0.0.155",
  "actual_result": "Popout just shakes",
  "expected_result": "Popout dismisses",
  "short_description": "Voice channel user profile popout no longer dismissing on click",
  "steps_to_repro": "- Click someone's name in a voice channel - Click again"
 }
}