{
 "id": "5b7f183235f108090e94ebce",
 "closed": true,
 "idList": "57d19c9d9c34060a61b95f57",
 "idShort": 2779,
 "idChecklists": [],
 "labels": [
  {
   "id": "5771673884e677fd364b7221",
   "idBoard": "5771673855f47b547f2decc3",
   "name": "P3: Will get fixed eventually",
   "color": "green"
  },
  {
   "id": "59e5a2e56fd14f3240ea3389",
   "idBoard": "5771673855f47b547f2decc3",
   "name": "low",
   "color": "sky"
  }
 ],
 "shortUrl": "https://trello.com/c/r3aKOHuL",
 "data": {
  "system_settings": "Windows 10 Home x64 1803",
  "client_settings": "Canary Build 22364",
  "actual_result": "The header lines disappear",
  "expected_result": "The header lines should not disappear",
  "short_description": "The header lines in the change log disappear at 75 zoom [Windows Specific]",
  "steps_to_repro": "- Observe the header lines in the change log while on 100 zoom - Change your zoom level to 75 - Reopen the change log and observe where the header lines are supposed to be"
 }
}