{
 "id": "5b62143aaa192f1cf7a24581",
 "closed": true,
 "idList": "580e822c24ce2ffdd624a43c",
 "idShort": 2576,
 "idChecklists": [],
 "labels": [],
 "shortUrl": "https://trello.com/c/rLfsGrs9",
 "data": {
  "system_settings": "Windows 10 Home v1803 x64, Bootcamp",
  "client_settings": "Discord Canary Build 20447",
  "actual_result": "You are taken back to server settings.",
  "expected_result": "You should be taken to the server you were last in/the default discord page.",
  "short_description": "Clicking \"Streamer Mode Enabled\" in Server Settings will open user settings on top of server settings.",
  "steps_to_repro": "- Enable streamer mode. - Find a server that you have permission to \"View Audit Log\" - Go to the audit log - Click \"Streamer Mode Enabled\" - Click the \"X\" in the top right of the window that opened. - Observe -"
 }
}