{
 "id": "5b62d30d3fe40925d9a6ce31",
 "closed": true,
 "idList": "577167f59d3739f090f8fab2",
 "idShort": 2597,
 "idChecklists": [],
 "labels": [],
 "shortUrl": "https://trello.com/c/rMVvuJBF",
 "data": {
  "system_settings": "Windows 10 Home 64-bit (v1709)",
  "client_settings": "Discord Canary 0.0.211, Build 20540",
  "actual_result": "The DM does not re-open",
  "expected_result": "The DM should re-open",
  "short_description": "Switching from a DM to a server and back doesn't place you back into the DM",
  "steps_to_repro": "- Open the Overlay in a game - Go into a DM - Switch to a server - Go back into your Direct Messages and observe"
 }
}