{
 "id": "5bbf635867a6b939fcf74dab",
 "closed": true,
 "idList": "57716787a06d09cf7e0dd1ca",
 "idShort": 3154,
 "idChecklists": [],
 "labels": [
  {
   "id": "5771673884e677fd364b7221",
   "idBoard": "5771673855f47b547f2decc3",
   "name": "P3: Will get fixed eventually",
   "color": "green"
  },
  {
   "id": "59e5a2e56fd14f3240ea3389",
   "idBoard": "5771673855f47b547f2decc3",
   "name": "low",
   "color": "sky"
  }
 ],
 "shortUrl": "https://trello.com/c/RnIpmV0G",
 "data": {
  "system_settings": "Windows 10 Home x64 1803",
  "client_settings": "Canary Build 26007",
  "actual_result": "Text does not ellipse and gets cut off at the end",
  "expected_result": "Text ellipses and is not cut off",
  "short_description": "Text in Address 2 option under card information gets cut off on 175 zoom",
  "steps_to_repro": "- Change your zoom level to 175 - Go to your Billing tab - Click edit on a card information - Observe the text in the Address 2 section"
 }
}