{
 "id": "5be642d4254bd251292a3498",
 "closed": true,
 "idList": "57716787a06d09cf7e0dd1ca",
 "idShort": 3366,
 "idChecklists": [],
 "labels": [
  {
   "id": "5771673884e677fd364b7221",
   "idBoard": "5771673855f47b547f2decc3",
   "name": "P3: Will get fixed eventually",
   "color": "green"
  },
  {
   "id": "59e5a2e56fd14f3240ea3389",
   "idBoard": "5771673855f47b547f2decc3",
   "name": "low",
   "color": "sky"
  }
 ],
 "shortUrl": "https://trello.com/c/rVDDb3Wg",
 "data": {
  "system_settings": "Windows 10 Home 64-bit (v1803)",
  "client_settings": "Discord Canary 0.0.219, Build 27796",
  "actual_result": "The message context menu appears",
  "expected_result": "The user context menu should appear",
  "short_description": "Right clicking user mentions in DMs open the message context menu instead of the user context menu",
  "steps_to_repro": "- Open a DM with a friend - Send a message mentioning them - Right click on the mention and observe"
 }
}