{
 "id": "58e97c5dd93119ae4c75fb3f",
 "closed": true,
 "idList": "577167f59d3739f090f8fab2",
 "idShort": 487,
 "idChecklists": [],
 "labels": [
  {
   "id": "5771673884e677fd364b7221",
   "idBoard": "5771673855f47b547f2decc3",
   "name": "P3: Will get fixed eventually",
   "color": "green"
  }
 ],
 "shortUrl": "https://trello.com/c/RwylhyyA",
 "data": {
  "system_settings": " Win7, Latest Canary",
  "actual_result": "Changes in member list, but not in user information popup",
  "expected_result": "Color changes in the user info popup",
  "short_description": "Display color doesn't change if viewing while someone else edits role color",
  "steps_to_repro": "- Have a someone give you a role with a specific color - Click on your name in the server member list - Have someone else change the color of the role "
 }
}