{
 "id": "5ad293fff01e0e7b6072f7d1",
 "closed": true,
 "idList": "581286a2c1e6cd4831c862ca",
 "idShort": 1849,
 "idChecklists": [],
 "labels": [
  {
   "id": "5771673884e677fd364b7221",
   "idBoard": "5771673855f47b547f2decc3",
   "name": "P3: Will get fixed eventually",
   "color": "green"
  },
  {
   "id": "59e5a2e56fd14f3240ea3389",
   "idBoard": "5771673855f47b547f2decc3",
   "name": "low",
   "color": "sky"
  }
 ],
 "shortUrl": "https://trello.com/c/sdL9KlfJ",
 "data": {
  "system_settings": "Windows 10 Pro x64",
  "client_settings": "Canary 13602 (Version Hash: 9f82966234905973935e316a7778e0071760de89)",
  "actual_result": "the server has a blue background",
  "expected_result": "the server icon should have a dark grey background",
  "short_description": "Transparent Server Icons in friendlist have a blue instead of a grey background like in serverlist",
  "steps_to_repro": "- be part of a server with an icon that has a transparent background - have a friend be in the same server as well - observe your friendlist"
 }
}