{
 "id": "5b2c6006127e956e8ea93ccb",
 "closed": true,
 "idList": "57716787a06d09cf7e0dd1ca",
 "idShort": 2179,
 "idChecklists": [],
 "labels": [
  {
   "id": "5771673884e677fd364b7221",
   "idBoard": "5771673855f47b547f2decc3",
   "name": "P3: Will get fixed eventually",
   "color": "green"
  },
  {
   "id": "59e5a0baa85872762cbe186c",
   "idBoard": "5771673855f47b547f2decc3",
   "name": "high",
   "color": "pink"
  }
 ],
 "shortUrl": "https://trello.com/c/Sdt83s8a",
 "data": {
  "system_settings": "Windows 10 x64 v1803",
  "client_settings": "Discord Canary 17333",
  "actual_result": "The status stays yellow",
  "expected_result": "The status should turn green because you sent a message",
  "short_description": "Away indicator doesn't turn green when you enter a message",
  "steps_to_repro": "- go away for long enough so that the profile status turns yellow on it's own - in the channel you're in, without clicking, send a message"
 }
}