{
 "id": "5b60a481bed4ed6825b76655",
 "closed": true,
 "idList": "57716787a06d09cf7e0dd1ca",
 "idShort": 2541,
 "idChecklists": [],
 "labels": [
  {
   "id": "5771673884e677fd364b7221",
   "idBoard": "5771673855f47b547f2decc3",
   "name": "P3: Will get fixed eventually",
   "color": "green"
  },
  {
   "id": "59e5a2e56fd14f3240ea3389",
   "idBoard": "5771673855f47b547f2decc3",
   "name": "low",
   "color": "sky"
  }
 ],
 "shortUrl": "https://trello.com/c/SgkqJEKO",
 "data": {
  "system_settings": "Win10 x64",
  "client_settings": "Canary, Build Number: 20316",
  "actual_result": "The animation isn't smooth.",
  "expected_result": "The animation should be smooth.",
  "short_description": "When we disable or a enable something in notifications settings, the animation isn't smooth.",
  "steps_to_repro": "- Go in notification s settings (server). - Try to enable or disable something like 'Mobile Push Notifications'."
 }
}