{
 "id": "5b990fbcecd377492b2f452f",
 "closed": true,
 "idList": "57716787a06d09cf7e0dd1ca",
 "idShort": 2967,
 "idChecklists": [],
 "labels": [
  {
   "id": "5771673884e677fd364b7221",
   "idBoard": "5771673855f47b547f2decc3",
   "name": "P3: Will get fixed eventually",
   "color": "green"
  },
  {
   "id": "59e5a2e56fd14f3240ea3389",
   "idBoard": "5771673855f47b547f2decc3",
   "name": "low",
   "color": "sky"
  }
 ],
 "shortUrl": "https://trello.com/c/sk8Ad4HN",
 "data": {
  "system_settings": "Firefox 62.0, macOS Sierra 10.12.6",
  "client_settings": "Canary 23506",
  "actual_result": "Text says \"access to camera\"",
  "expected_result": "Text says \"access to microphone\"",
  "short_description": "When you need to grant access for the microphone, Discord says \"access to camera\" instead [Firefox]",
  "steps_to_repro": "- Open Discord on Firefox - Go to user settings - Go to Voice & Video - Click \"access to your microphone\" under the input sensitivity bar - Observe what the text with the pointing arrow says and what you are actually giving access to"
 }
}