{
 "id": "5afefacff89de2ecc7f7daf9",
 "closed": true,
 "idList": "57716787a06d09cf7e0dd1ca",
 "idShort": 2015,
 "idChecklists": [],
 "labels": [
  {
   "id": "5771673884e677fd364b7221",
   "idBoard": "5771673855f47b547f2decc3",
   "name": "P3: Will get fixed eventually",
   "color": "green"
  },
  {
   "id": "59e5a2e56fd14f3240ea3389",
   "idBoard": "5771673855f47b547f2decc3",
   "name": "low",
   "color": "sky"
  }
 ],
 "shortUrl": "https://trello.com/c/SqfNu7s3",
 "data": {
  "system_settings": "Macbook Air (Early 2015), macOS Sierra 10.12.6, Firefox Quantum 60.0.1 (64-bit)",
  "client_settings": "Discord Canary (Build 15434)",
  "actual_result": "It goes out of window and no scroll bar appears",
  "expected_result": "It is supposed to resize with the window, and become scrollable like on other browsers",
  "short_description": "Change Log doesn't resize with your browser window size on Firefox",
  "steps_to_repro": "- Go to Firefox - Go to settings and open change log - Make your Firefox browser window smaller - Observe"
 }
}