{
 "id": "5c33d9a5149741781982cc61",
 "closed": false,
 "idList": "57716787a06d09cf7e0dd1ca",
 "idShort": 3579,
 "idChecklists": [],
 "labels": [
  {
   "id": "5771673884e677fd364b7221",
   "idBoard": "5771673855f47b547f2decc3",
   "name": "P3: Will get fixed eventually",
   "color": "green"
  },
  {
   "id": "59e63698ba5129f6b9a75d0b",
   "idBoard": "5771673855f47b547f2decc3",
   "name": "Mid",
   "color": "lime"
  }
 ],
 "shortUrl": "https://trello.com/c/sV4LMEGc",
 "data": {
  "system_settings": "Windows 10 Pro x64 v1803",
  "client_settings": "Discord Canary v0.0.226 Build 30505",
  "actual_result": "It opens and shows a weird transparent window which is intractable and will insert the GIF in a message draft.",
  "expected_result": "The GIF picker does not open as you don't have permission to send messages.",
  "short_description": "Ctrl + G in a channel which you don't have permission to send messages in still opens the GIF Picker",
  "steps_to_repro": "- Go to a channel which you don't have permissions to send messages in - Hit Ctrl + G"
 }
}