{
 "id": "594fc896ccba5e54cb3a4ad6",
 "closed": true,
 "idList": "57716787a06d09cf7e0dd1ca",
 "idShort": 783,
 "idChecklists": [],
 "labels": [
  {
   "id": "5771673884e677fd364b7221",
   "idBoard": "5771673855f47b547f2decc3",
   "name": "P3: Will get fixed eventually",
   "color": "green"
  },
  {
   "id": "59e5a2e56fd14f3240ea3389",
   "idBoard": "5771673855f47b547f2decc3",
   "name": "low",
   "color": "sky"
  }
 ],
 "shortUrl": "https://trello.com/c/sVpvAMUr",
 "data": {
  "system_settings": "win 10 Pro  1703 build",
  "client_settings": "Discord Canary 0.0157",
  "actual_result": "Everything is pushed up, where the lowest prioritized roles are only shown, which hides users \"admin\" roles and name/picture. Visual illustration : <http://i.imgur.com/nJtNCYE.png> You can't see Tarek's name/picture or even his \"Red\" Admin rights role. but the meaningless 1-109 roles",
  "expected_result": "It should show you name tag, picture and priority the important roles such as leader or owner",
  "short_description": "Discord User Profiles priorities lower ranked roles and can ignore userprofile/tag etc.",
  "steps_to_repro": "- Step 1 Give a user a lot of roles (130+) - Step 2 Save and then click on the user from memberlist for userprofile."
 }
}