{
 "id": "5a3563ae459fd1831aa9d176",
 "closed": true,
 "idList": "580e822c24ce2ffdd624a43c",
 "idShort": 1465,
 "idChecklists": [],
 "labels": [
  {
   "id": "59e5a2e56fd14f3240ea3389",
   "idBoard": "5771673855f47b547f2decc3",
   "name": "low",
   "color": "sky"
  },
  {
   "id": "5771673884e677fd364b7221",
   "idBoard": "5771673855f47b547f2decc3",
   "name": "P3: Will get fixed eventually",
   "color": "green"
  }
 ],
 "shortUrl": "https://trello.com/c/sXwCyX1y",
 "data": {
  "system_settings": "Windows 10 Home",
  "client_settings": "Discord canary 8746",
  "actual_result": "Emoji picker is at a random position in the client(Sometimes even outside of the viewable area).",
  "expected_result": "Emoji picker adjusts to the new resolution and stays above the emoji icon",
  "short_description": "Emoji Picker doesn't move when Discord is resized",
  "steps_to_repro": "- Put discord in maximized mode - Open emoji picker - Move Discord so that it isn't in maximized mode anymore"
 }
}