{
 "id": "5b75f432f323592704d930d6",
 "closed": true,
 "idList": "57716787a06d09cf7e0dd1ca",
 "idShort": 2721,
 "idChecklists": [],
 "labels": [
  {
   "id": "5771673884e677fd364b7221",
   "idBoard": "5771673855f47b547f2decc3",
   "name": "P3: Will get fixed eventually",
   "color": "green"
  },
  {
   "id": "59e5a2e56fd14f3240ea3389",
   "idBoard": "5771673855f47b547f2decc3",
   "name": "low",
   "color": "sky"
  }
 ],
 "shortUrl": "https://trello.com/c/tcssl3ju",
 "data": {
  "system_settings": "Windows 10 Pro 64-bit (1803)",
  "client_settings": "Discord Canary 0.0.211 (22036)",
  "actual_result": "It takes you to https:// canary . discordapp . com /hypesquad if you use canary, and so on",
  "expected_result": "It should take you to https:// discordapp . com /hypesquad",
  "short_description": "With the new HypeSquad house update, the badges now takes you to canary/PTB . discordapp . com/hypesquad",
  "steps_to_repro": "- Use PTB or Canary - Click on a HypeSquad badge"
 }
}