{
 "id": "5b982e432154c97595c39657",
 "closed": false,
 "idList": "5b1874f39c86d88c1b6bf801",
 "idShort": 2965,
 "idChecklists": [],
 "labels": [
  {
   "id": "5771673884e677fd364b7221",
   "idBoard": "5771673855f47b547f2decc3",
   "name": "P3: Will get fixed eventually",
   "color": "green"
  },
  {
   "id": "59e5a2e56fd14f3240ea3389",
   "idBoard": "5771673855f47b547f2decc3",
   "name": "low",
   "color": "sky"
  }
 ],
 "shortUrl": "https://trello.com/c/TGuRbnqv",
 "data": {
  "system_settings": "Firefox 62.0, macOS Sierra 10.12.6",
  "client_settings": "Canary 23401",
  "actual_result": "Some parts of the box edges are gone",
  "expected_result": "They keep all parts of the edges",
  "short_description": "On the Nitro page, some of the perk boxes have their lines partly missing around them [Website Bug] [Firefox] [13\" Specific (1440x900)]",
  "steps_to_repro": "- Open the Nitro page at /nitro - Set your zoom to 90% - Scroll down where the perk boxes are - Observe the box edges"
 }
}