{
 "id": "5c1014bab677d60931a120e1",
 "closed": true,
 "idList": "57716787a06d09cf7e0dd1ca",
 "idShort": 3479,
 "idChecklists": [],
 "labels": [
  {
   "id": "5771673884e677fd364b7221",
   "idBoard": "5771673855f47b547f2decc3",
   "name": "P3: Will get fixed eventually",
   "color": "green"
  },
  {
   "id": "59e5a2e56fd14f3240ea3389",
   "idBoard": "5771673855f47b547f2decc3",
   "name": "low",
   "color": "sky"
  }
 ],
 "shortUrl": "https://trello.com/c/tgxyQeX2",
 "data": {
  "system_settings": "Windows 10 home x64 v.1803",
  "client_settings": "Canary 0.0.224 build 29240",
  "actual_result": "no audio detection warning appears",
  "expected_result": "a warning should appear saying that no audio is detected",
  "short_description": "activating \"Discord is not detecting any input from your mic\" warning doesn't work if you enable it while being connected to a voice channel",
  "steps_to_repro": "- have a \"extra fancy mic that silences itself\" when you're not talking or mute it using its software/switch - connect to a voice channel - go to voice and video settings - scroll down and toggle \"Show a warning when Discord is not ...\" on - close settings and observe that after couple seconds there is no warning banner"
 }
}