{
 "id": "58dfc334faece12740f46b8a",
 "closed": true,
 "idList": "581286a2c1e6cd4831c862ca",
 "idShort": 470,
 "idChecklists": [],
 "labels": [
  {
   "id": "5771673884e677fd364b7222",
   "idBoard": "5771673855f47b547f2decc3",
   "name": "P2: Fix can wait a while",
   "color": "yellow"
  }
 ],
 "shortUrl": "https://trello.com/c/TNsHzbd0",
 "data": {
  "system_settings": " Windows 10 14393 x64, Latest Canary.",
  "actual_result": "Blue background doesn't stretch out with the rest of the box.",
  "expected_result": "Everything should stretch to fit the Japanese text inside the box.",
  "short_description": "Box not stretching to fit the Japanese text",
  "steps_to_repro": "- Have Discord in Japanese. - Drag whatever file over Discord to trigger the drop icon. - Observe. "
 }
}