{
 "id": "588ee2fdcc51f915973ef97e",
 "closed": true,
 "idList": "57716787a06d09cf7e0dd1ca",
 "idShort": 362,
 "idChecklists": [],
 "labels": [
  {
   "id": "5771673884e677fd364b7221",
   "idBoard": "5771673855f47b547f2decc3",
   "name": "P3: Will get fixed eventually",
   "color": "green"
  }
 ],
 "shortUrl": "https://trello.com/c/trn9Gu6S",
 "data": {
  "system_settings": " Win10 x64, latest stable",
  "actual_result": "The taskbar button doesn't blink",
  "expected_result": "The taskbar button should blink exactly the same way it does when you minimize using the _ button of the title bar or when you switch window without minimizing",
  "short_description": "If the window was minimized using the taskbar button, the button doesn't blink when a notification is received",
  "steps_to_repro": "- Minimize the window using the taskbar button - Receive a message and get a desktop notification "
 }
}