{
 "id": "5a15e8b040117206b26f3f8e",
 "closed": true,
 "idList": "577167f59d3739f090f8fab2",
 "idShort": 1389,
 "idChecklists": [],
 "labels": [
  {
   "id": "5771673884e677fd364b7221",
   "idBoard": "5771673855f47b547f2decc3",
   "name": "P3: Will get fixed eventually",
   "color": "green"
  },
  {
   "id": "59e5a0baa85872762cbe186c",
   "idBoard": "5771673855f47b547f2decc3",
   "name": "high",
   "color": "pink"
  },
  {
   "id": "5a5e4e52a98b2a3803ca5454",
   "idBoard": "5771673855f47b547f2decc3",
   "name": "Q1",
   "color": null
  }
 ],
 "shortUrl": "https://trello.com/c/UqGVcXYS",
 "data": {
  "system_settings": "Windows 10 Pro 64-bit",
  "client_settings": "7490, Version Hash: 6bddf8d6f44ebb4c5269cca34bee53b44953fd26",
  "actual_result": "It gives me an error message \"either the app is not running on this computer or no new accounts were detected. kthx\"",
  "expected_result": "It should be able to connect my  account.",
  "short_description": "can't connect Battle.net account, probably because Battle.net app was updated. https://i.imgur.com/nAEz24N.png",
  "steps_to_repro": "- Click user settings - click Connections - click the  logo"
 }
}