{
 "id": "5b506d5504e081e55a015390",
 "closed": false,
 "idList": "57716787a06d09cf7e0dd1ca",
 "idShort": 2328,
 "idChecklists": [],
 "labels": [
  {
   "id": "5771673884e677fd364b7221",
   "idBoard": "5771673855f47b547f2decc3",
   "name": "P3: Will get fixed eventually",
   "color": "green"
  },
  {
   "id": "59e5a2e56fd14f3240ea3389",
   "idBoard": "5771673855f47b547f2decc3",
   "name": "low",
   "color": "sky"
  }
 ],
 "shortUrl": "https://trello.com/c/v1oE9ffT",
 "data": {
  "system_settings": "Windows 10 x64",
  "client_settings": "Release Channel: stable, Build Number: 19084",
  "actual_result": "there is no L\u00f6chen (it means delete)",
  "expected_result": "there should be 4 things: Anheften, Bearbeiten, Id Kopieren, Link kopieren and L\u00f6schen",
  "short_description": "I cant delete the newest message in Direct Messages",
  "steps_to_repro": "- set the language to german - set the chat scaling to 100 - go to the Direct Messages - write something short - click on the three points"
 }
}