{
 "id": "59b7c95798e373f612a68c50",
 "closed": true,
 "idList": "57716787a06d09cf7e0dd1ca",
 "idShort": 1116,
 "idChecklists": [],
 "labels": [
  {
   "id": "5771673884e677fd364b7221",
   "idBoard": "5771673855f47b547f2decc3",
   "name": "P3: Will get fixed eventually",
   "color": "green"
  }
 ],
 "shortUrl": "https://trello.com/c/V2VWBLZy",
 "data": {
  "system_settings": "Windows 10 Home (Version 1703)",
  "client_settings": "Desktop Canary, 0.0.163, build 4120",
  "actual_result": "It is not capped and it goes out of the window.",
  "expected_result": "Just before it goes out of the window it ends with \"...\".",
  "short_description": "Pressing the '+' sign on a category with a long name will cause in the name going out of the window. (same goes for clone channel)",
  "steps_to_repro": "- Make a category with a long name - Press '+' and see how it goes out of the window."
 }
}