{
 "id": "5ab46542258a2868cc8d6300",
 "closed": true,
 "idList": "577167f59d3739f090f8fab2",
 "idShort": 1751,
 "idChecklists": [],
 "labels": [
  {
   "id": "5771673884e677fd364b7221",
   "idBoard": "5771673855f47b547f2decc3",
   "name": "P3: Will get fixed eventually",
   "color": "green"
  },
  {
   "id": "59e5a0baa85872762cbe186c",
   "idBoard": "5771673855f47b547f2decc3",
   "name": "high",
   "color": "pink"
  }
 ],
 "shortUrl": "https://trello.com/c/vD0NatLs",
 "data": {
  "system_settings": "Windows 10 x64",
  "client_settings": "Build 12477",
  "actual_result": "You're able to still see messages that were/are being sent after you left",
  "expected_result": "No \"live\" chat. It should display the same messages as it was when you lost access to the chat.",
  "short_description": "You are able to see chat(s) that update when only certain roles/people have access to them and you don't.",
  "steps_to_repro": "- Have someone @ mention you in that chat - Have a friend remove that role so that you lose access to that chat - Make that friend start typing/saying stuff while you check your mentions tab - Click the @ mention from that chat and scroll to the bottom"
 }
}