{
 "id": "5b5ff769801d5e6c6e932bcb",
 "closed": true,
 "idList": "57716787a06d09cf7e0dd1ca",
 "idShort": 2532,
 "idChecklists": [],
 "labels": [
  {
   "id": "5771673884e677fd364b7221",
   "idBoard": "5771673855f47b547f2decc3",
   "name": "P3: Will get fixed eventually",
   "color": "green"
  },
  {
   "id": "59e5a2e56fd14f3240ea3389",
   "idBoard": "5771673855f47b547f2decc3",
   "name": "low",
   "color": "sky"
  }
 ],
 "shortUrl": "https://trello.com/c/VEqbrACw",
 "data": {
  "system_settings": "Windows 10 Home 64-bit (v1709)",
  "client_settings": "Discord Canary 0.0.211, Build 20316",
  "actual_result": "The field stays focused, preventing you from closing the modal with the ESC key unless you click inside the modal again",
  "expected_result": "The field should properly unfocus so that you can then press the ESC key again to close the Notification Settings modal",
  "short_description": "Notification Settings text field stays focused after pressing ESC",
  "steps_to_repro": "- Go into the Notification Settings of a server - Click on the Notification Overrides field - Press the ESC key and observe"
 }
}