{
 "id": "59cf1e7c02a36c041fc8d57f",
 "closed": true,
 "idList": "57716787a06d09cf7e0dd1ca",
 "idShort": 1211,
 "idChecklists": [],
 "labels": [
  {
   "id": "5771673884e677fd364b7221",
   "idBoard": "5771673855f47b547f2decc3",
   "name": "P3: Will get fixed eventually",
   "color": "green"
  }
 ],
 "shortUrl": "https://trello.com/c/vFLUIM4U",
 "data": {
  "system_settings": "Windows 10 Creator's Update",
  "client_settings": "Discord Canary 0.0.163",
  "actual_result": "It is the same as the first music in the title",
  "expected_result": "It's supposed to be the same music title as the current one",
  "short_description": "Spotify playlist embed's music title changes to the first music in the playlist after picking an another server then picking the music's server",
  "steps_to_repro": "- Paste a Spotify link to get an embed - Have the app, then choose any music other than the first one - Pick a server - Pick the server that the music was playing - Observe the music title"
 }
}