{
 "id": "59895a607c60288925eeaa47",
 "closed": true,
 "idList": "577167f59d3739f090f8fab2",
 "idShort": 948,
 "idChecklists": [],
 "labels": [
  {
   "id": "5771673884e677fd364b7222",
   "idBoard": "5771673855f47b547f2decc3",
   "name": "P2: Fix can wait a while",
   "color": "yellow"
  }
 ],
 "shortUrl": "https://trello.com/c/VGZXdroB",
 "data": {
  "system_settings": "macOS Sierra 10.12.6 (16G29) (iMac Retina 5K, 27-inch, Late 2017)",
  "client_settings": "Canary 0.0.154",
  "actual_result": "A scrollbar appears on the right and you can scroll up and down in the message box.",
  "expected_result": "It will just be there like normal text, as it is on Windows.",
  "short_description": "if you post an OS emoji into the message box on Mac, a scroll bar will appear and you will be able to scroll up and",
  "steps_to_repro": "- Copy and paste an OS emoji, for example \\\ud83c\udf6a, into the message box. You can also use the emoji picker."
 }
}