{
 "id": "5a6c07a8c444abaa56ac45f6",
 "closed": false,
 "idList": "57716787a06d09cf7e0dd1ca",
 "idShort": 1595,
 "idChecklists": [],
 "labels": [
  {
   "id": "5771673884e677fd364b7221",
   "idBoard": "5771673855f47b547f2decc3",
   "name": "P3: Will get fixed eventually",
   "color": "green"
  },
  {
   "id": "59e5a2e56fd14f3240ea3389",
   "idBoard": "5771673855f47b547f2decc3",
   "name": "low",
   "color": "sky"
  }
 ],
 "shortUrl": "https://trello.com/c/VR6q7AQ7",
 "data": {
  "system_settings": "Windows 10 Fall Creators Update x64",
  "client_settings": "Canary 10011",
  "actual_result": "Is 2 different colors",
  "expected_result": "should be one uniform blue color",
  "short_description": "when u highlight over your name+discrim in settings page, the name is brighter than the discrim",
  "steps_to_repro": "- Settings - My Account - Highlight over name+discrim"
 }
}