{
 "id": "5a80f01dc70bafd8cfe43662",
 "closed": true,
 "idList": "581286a2c1e6cd4831c862ca",
 "idShort": 1645,
 "idChecklists": [],
 "labels": [],
 "shortUrl": "https://trello.com/c/VTPKlzm8",
 "data": {
  "system_settings": "openSUSE Tumbleweed 20180209",
  "client_settings": "Discord Canary 0.0.45 10549",
  "actual_result": "Right clicking on the text input box shows a checkbox to enable/disable spellchecking on Linux and Windows 7",
  "expected_result": "There should be no checkbox for enabling/disabling spellcheck on Linux or Windows 7 if they do not support spellcheck",
  "short_description": "There is a checkbox for spellcheck on Linux and Windows 7 even though Discord does not support spellcheck on either.",
  "steps_to_repro": "- Update Discord Canary to build 10549 or later - Right click on the text input box - See a checkbox to enable/disable spellchecking even though it is not supported on Linux or Windows 7 in Discord"
 }
}