{
 "id": "5b34069695cc790b9cca0904",
 "closed": true,
 "idList": "577167f59d3739f090f8fab2",
 "idShort": 2214,
 "idChecklists": [],
 "labels": [
  {
   "id": "5771673884e677fd364b7221",
   "idBoard": "5771673855f47b547f2decc3",
   "name": "P3: Will get fixed eventually",
   "color": "green"
  },
  {
   "id": "59e5a0baa85872762cbe186c",
   "idBoard": "5771673855f47b547f2decc3",
   "name": "high",
   "color": "pink"
  }
 ],
 "shortUrl": "https://trello.com/c/VvNEkOVk",
 "data": {
  "system_settings": "Windows 10 x64",
  "client_settings": "[BUILD INFO] Release Channel: stable, Build Number: 17800, Version Hash: 8314505c9f83cab169825fcba71df6fb11281735",
  "actual_result": "Either sticks and stay green, or nothing at all",
  "expected_result": "Should displaying green circle around person speaking",
  "short_description": "Discord chat voice bubble not displaying in private, off-server calls.",
  "steps_to_repro": "- Call friend/group"
 }
}