{
 "id": "5c10bef6919c3859d0178be0",
 "closed": false,
 "idList": "577167f59d3739f090f8fab2",
 "idShort": 3481,
 "idChecklists": [],
 "labels": [],
 "shortUrl": "https://trello.com/c/vy0zxXfY",
 "data": {
  "system_settings": "Windows 10 Pro, x64 (v1803)",
  "client_settings": "Discord Stable, Native Host 0.0.301, Build Number 29445",
  "actual_result": "It's off centered.",
  "expected_result": "Incoming call pop-up should be centered.",
  "short_description": "Incoming call pop-up is off-centered. (STABLE 29445 ONLY)",
  "steps_to_repro": "- Either get a call, or call your alt. - If you called your alt, check your alt's screen."
 }
}