{
 "id": "5adcdfd06e9f1b6a67de2523",
 "closed": true,
 "idList": "57716787a06d09cf7e0dd1ca",
 "idShort": 1877,
 "idChecklists": [],
 "labels": [
  {
   "id": "5771673884e677fd364b7221",
   "idBoard": "5771673855f47b547f2decc3",
   "name": "P3: Will get fixed eventually",
   "color": "green"
  },
  {
   "id": "59e63698ba5129f6b9a75d0b",
   "idBoard": "5771673855f47b547f2decc3",
   "name": "Mid",
   "color": "lime"
  }
 ],
 "shortUrl": "https://trello.com/c/WJupiCxm",
 "data": {
  "system_settings": "Windows 10 64 Bit",
  "client_settings": "v0.2.82:1.792",
  "actual_result": "TTS comes from the channel.",
  "expected_result": "TTS will not come from a channel if it has not been age confirmed or has been muted.",
  "short_description": "TTS plays from NSFW channels that have not been age-confirmed",
  "steps_to_repro": "- Step 1: Change TTS settings to \"For all channels\" - Step 2: Join a channel that has a NSFW group, but do not age confirm it - Step 3: have people talk in that group. -"
 }
}