{
 "id": "5b5d02235b27680474bdb696",
 "closed": true,
 "idList": "57716787a06d09cf7e0dd1ca",
 "idShort": 2479,
 "idChecklists": [],
 "labels": [
  {
   "id": "5771673884e677fd364b7221",
   "idBoard": "5771673855f47b547f2decc3",
   "name": "P3: Will get fixed eventually",
   "color": "green"
  },
  {
   "id": "59e5a2e56fd14f3240ea3389",
   "idBoard": "5771673855f47b547f2decc3",
   "name": "low",
   "color": "sky"
  },
  {
   "id": "5b8876495b10eb2013654345",
   "idBoard": "5771673855f47b547f2decc3",
   "name": "Firefox",
   "color": null
  }
 ],
 "shortUrl": "https://trello.com/c/wTqmjTbs",
 "data": {
  "system_settings": "macOS Sierra 10.12.6, Firefox Quantum 61.0.1 (64-bit)",
  "client_settings": "Canary 20174",
  "actual_result": "It isn't truncated and overflows",
  "expected_result": "It gets truncated like on the app",
  "short_description": "Games with long names don't get truncated on member list on Firefox",
  "steps_to_repro": "- Open Discord on Firefox - Have someone play a game with a long name, observe it on the member list"
 }
}