{
 "id": "5aaed4dc96aa66439c723be2",
 "closed": true,
 "idList": "57716787a06d09cf7e0dd1ca",
 "idShort": 1744,
 "idChecklists": [],
 "labels": [
  {
   "id": "5771673884e677fd364b7221",
   "idBoard": "5771673855f47b547f2decc3",
   "name": "P3: Will get fixed eventually",
   "color": "green"
  },
  {
   "id": "59e63698ba5129f6b9a75d0b",
   "idBoard": "5771673855f47b547f2decc3",
   "name": "Mid",
   "color": "lime"
  },
  {
   "id": "5a8c933b1ce1cddeb01e7110",
   "idBoard": "5771673855f47b547f2decc3",
   "name": "Crash",
   "color": null
  },
  {
   "id": "5a860c43a1c27f86fd2c4cfc",
   "idBoard": "5771673855f47b547f2decc3",
   "name": "Client side",
   "color": null
  }
 ],
 "shortUrl": "https://trello.com/c/x5ZAHtvL",
 "data": {
  "system_settings": "Win 10 x64",
  "client_settings": "Discord PTB 12230 & Stable 12232",
  "actual_result": "Crash",
  "expected_result": "Nickname Change",
  "short_description": "Discord crash when hitting escape and pressing save on nickname box",
  "steps_to_repro": "- Type something into the nickname box - Hit save and esc at the same time - etc"
 }
}