{
 "id": "5b5f64ee96cdecbc285f8614",
 "closed": true,
 "idList": "57716787a06d09cf7e0dd1ca",
 "idShort": 2519,
 "idChecklists": [],
 "labels": [
  {
   "id": "5771673884e677fd364b7221",
   "idBoard": "5771673855f47b547f2decc3",
   "name": "P3: Will get fixed eventually",
   "color": "green"
  },
  {
   "id": "59e5a2e56fd14f3240ea3389",
   "idBoard": "5771673855f47b547f2decc3",
   "name": "low",
   "color": "sky"
  }
 ],
 "shortUrl": "https://trello.com/c/XEFuj6TW",
 "data": {
  "system_settings": "Macbook Air, macOS Sierra 10.12.6",
  "client_settings": "Canary 20174",
  "actual_result": "It's more to the right",
  "expected_result": "\"Sent\" is centered",
  "short_description": "When sending someone an invite in the invite modal, the \"Sent\" isn't centered",
  "steps_to_repro": "- Open the invite modal - Send someone an invite - Observe the \"Sent\" text that appears when you sent it"
 }
}