{
 "id": "5c37d8e0afe86a0c27180ae4",
 "closed": false,
 "idList": "57716787a06d09cf7e0dd1ca",
 "idShort": 3621,
 "idChecklists": [],
 "labels": [
  {
   "id": "5771673884e677fd364b7221",
   "idBoard": "5771673855f47b547f2decc3",
   "name": "P3: Will get fixed eventually",
   "color": "green"
  },
  {
   "id": "59e5a2e56fd14f3240ea3389",
   "idBoard": "5771673855f47b547f2decc3",
   "name": "low",
   "color": "sky"
  }
 ],
 "shortUrl": "https://trello.com/c/XeIbbL7w",
 "data": {
  "system_settings": "Windows 10 Home 64-bit (v1803)",
  "client_settings": "Discord Canary 0.0.227, Build 30733",
  "actual_result": "You're no longer anchored at the bottom of chat",
  "expected_result": "You should remain anchored at the bottom of chat",
  "short_description": "Full screening a video while at the bottom of chat causes your client to scroll up slightly once you exit out of full screen",
  "steps_to_repro": "- Go into a channel and send a video (YouTube or MP4 file) - Play the video and enter full screen - Exit full screen and observe your scrolled position"
 }
}