{
 "id": "599f63fcbf0eea9c98d693f3",
 "closed": true,
 "idList": "577167f59d3739f090f8fab2",
 "idShort": 1041,
 "idChecklists": [],
 "labels": [
  {
   "id": "5771673884e677fd364b7221",
   "idBoard": "5771673855f47b547f2decc3",
   "name": "P3: Will get fixed eventually",
   "color": "green"
  }
 ],
 "shortUrl": "https://trello.com/c/xLYUPVm2",
 "data": {
  "system_settings": "Win 10 Pro x64 v1607",
  "client_settings": "Desktop Canary 0.0.163 (Build 1609)",
  "actual_result": "It appears as if you're hovering over a clickable button, but clicking doesn't actually do anything",
  "expected_result": "The entire hover effect should be a clickable button",
  "short_description": "Hovering just over the titles in the friends list has the hover effect visible, however a small portion of the hover isn't a clickable button",
  "steps_to_repro": "- Possibly windows only? - Open your friends list - Hover over the top part of one of the buttons at the top that isn't selected, ensuring that your cursor isn't directly over the text, but the hover effect appears (i.e. All, Online, Pending, Blocked)"
 }
}