{
 "id": "5bc2f7af0a44d24255736518",
 "closed": false,
 "idList": "581286a2c1e6cd4831c862ca",
 "idShort": 3176,
 "idChecklists": [],
 "labels": [],
 "shortUrl": "https://trello.com/c/XOa5m78x",
 "data": {
  "system_settings": "Windows 10",
  "client_settings": "Discord BUILD INFO] Release Channel: stable, Build Number: 26016, Version Hash: 50458c1749127936028ccfb9909bd63545c83948",
  "actual_result": "I get taken to the screen that tells me to buy Nitro and when I try buy it again it says I already have it.",
  "expected_result": "IM SUPPOSED TO BE ABLE TO PLAY THE FREE GAMES?",
  "short_description": "After purchasing the 9.99$ plan which gives you access to the free games available in the Nitro Store, I cannot access.",
  "steps_to_repro": "- Get Beta Access - Don't Get Ability to Play Games that are FREE"
 }
}