{
 "id": "5b6188056b6d7150fe3d7b0e",
 "closed": true,
 "idList": "577167f59d3739f090f8fab2",
 "idShort": 2570,
 "idChecklists": [],
 "labels": [
  {
   "id": "5771673884e677fd364b7222",
   "idBoard": "5771673855f47b547f2decc3",
   "name": "P2: Fix can wait a while",
   "color": "yellow"
  },
  {
   "id": "59e63698ba5129f6b9a75d0b",
   "idBoard": "5771673855f47b547f2decc3",
   "name": "Mid",
   "color": "lime"
  }
 ],
 "shortUrl": "https://trello.com/c/xqe02ErJ",
 "data": {
  "system_settings": "Windows 10 Pro x64",
  "client_settings": "Discord Canary 20386",
  "actual_result": "The window stays the same (tinier than previously) and you can't fullscreen, avatars overlap on the right",
  "expected_result": "The window is bigger and you can fullscreen the DM video",
  "short_description": "Voice + Video Call is too tiny when in DM + large video doesn't work (on the right, avatars are overlapping due to that)",
  "steps_to_repro": "- update canary to 20386 - get into a call with someone and let them turn on video screen - notice that the video window is tinier than in previous builds - try to press the button that makes the video larger (bottom left)"
 }
}