{
 "id": "5b0f0b3c365dabf7a75a7698",
 "closed": true,
 "idList": "577167f59d3739f090f8fab2",
 "idShort": 2066,
 "idChecklists": [],
 "labels": [
  {
   "id": "5771673884e677fd364b7221",
   "idBoard": "5771673855f47b547f2decc3",
   "name": "P3: Will get fixed eventually",
   "color": "green"
  },
  {
   "id": "59e5a2e56fd14f3240ea3389",
   "idBoard": "5771673855f47b547f2decc3",
   "name": "low",
   "color": "sky"
  }
 ],
 "shortUrl": "https://trello.com/c/XX7vW8Li",
 "data": {
  "system_settings": "Windows 10 PRO (Build: 16299.431), 64x, Dell",
  "client_settings": "[BUILD INFO] Release Channel: canary, Build Number: 16234, Version Hash: 7baf7542f6a7e89f350dd0ae187accdb88fc7a35",
  "actual_result": "There is a black box appearing \"Load more messages\"",
  "expected_result": "The messages are needed to load in normally like it does when you don't use \"Mark as read\"",
  "short_description": "Using mark as read function show up black loading box",
  "steps_to_repro": "- Go to an server - set a channel as (mark as read) - open the channel - look at the top of the channel"
 }
}