{
 "id": "5929195612ca24e6fc15d85a",
 "closed": true,
 "idList": "577167f59d3739f090f8fab2",
 "idShort": 685,
 "idChecklists": [],
 "labels": [
  {
   "id": "5771673884e677fd364b7222",
   "idBoard": "5771673855f47b547f2decc3",
   "name": "P2: Fix can wait a while",
   "color": "yellow"
  }
 ],
 "shortUrl": "https://trello.com/c/yfKwXU5u",
 "data": {
  "system_settings": "-w",
  "client_settings": "Discord Canary 0.0.154",
  "actual_result": "Nothing happens",
  "expected_result": "Profile popout pops out",
  "short_description": "No profile popout on new DM call screen",
  "steps_to_repro": "- Go to a call in DMs - Try clicking someone's avatar"
 }
}