{
 "id": "5b6f0c2f86e0e08d0c585eff",
 "closed": true,
 "idList": "577167f59d3739f090f8fab2",
 "idShort": 2673,
 "idChecklists": [],
 "labels": [
  {
   "id": "5771673884e677fd364b7221",
   "idBoard": "5771673855f47b547f2decc3",
   "name": "P3: Will get fixed eventually",
   "color": "green"
  },
  {
   "id": "59e5a2e56fd14f3240ea3389",
   "idBoard": "5771673855f47b547f2decc3",
   "name": "low",
   "color": "sky"
  }
 ],
 "shortUrl": "https://trello.com/c/YjpGikTG",
 "data": {
  "system_settings": "Windows 10 Pro x64",
  "client_settings": "Chrome 68.0",
  "actual_result": "The link links to the top of the page",
  "expected_result": "The link links to the 'Discord' paragraph below 'Functions in the SDK'",
  "short_description": "The 'Discord' link below 'Functions in the SDK' links back up to 'General Structure' on the documentation site",
  "steps_to_repro": "- Navigate to the developer portal - Select 'Discord' under 'Game SDK' on the sidebar - select the 'Discord' sublink under it - Observe"
 }
}