{
 "id": "5b330a1827a48496628b9ae8",
 "closed": true,
 "idList": "577167f59d3739f090f8fab2",
 "idShort": 2205,
 "idChecklists": [],
 "labels": [],
 "shortUrl": "https://trello.com/c/yNIinFl7",
 "data": {
  "system_settings": "Windows 10 (Version 10.0.17134.112)",
  "client_settings": "Discord Canary 0.0.211",
  "actual_result": "It displays permissions and invites from FIRST edited channel after launching Discord, even from channel in other server",
  "expected_result": "It is supposed to show permissions and invites for the second channel, not for the first opened previously.",
  "short_description": "Permissions viewer isn't refreshing when displaying to other channel",
  "steps_to_repro": "- open editing one channel - navigate to \"Permissions tab\" - close the viewer - open editing other channel - navigate to permissions tab - you can see permissions configured for the first channel (it \"works\" with the invites too)"
 }
}