{
 "id": "5bdf3035bb5ffd2cdec4c939",
 "closed": true,
 "idList": "57716787a06d09cf7e0dd1ca",
 "idShort": 3353,
 "idChecklists": [],
 "labels": [
  {
   "id": "5771673884e677fd364b7221",
   "idBoard": "5771673855f47b547f2decc3",
   "name": "P3: Will get fixed eventually",
   "color": "green"
  },
  {
   "id": "59e5a2e56fd14f3240ea3389",
   "idBoard": "5771673855f47b547f2decc3",
   "name": "low",
   "color": "sky"
  }
 ],
 "shortUrl": "https://trello.com/c/ySkAQrRQ",
 "data": {
  "system_settings": "Windows 10 Home",
  "client_settings": "Desktop discord [BUILD INFO] Release Channel: stable, Build Number: 27458, Version Hash: 394e57a0df0adfba5607067b3d2e451",
  "actual_result": "The item in the position you were previously at is selected, rather than the first one.",
  "expected_result": "When the mention menu is closed and reopened, the selected item should be reset.",
  "short_description": "The mention menu remembers the cursor position between openings, rather than resetting",
  "steps_to_repro": ""
 }
}