{
 "id": "5c2c0f91690c5c86b3ae878d",
 "closed": false,
 "idList": "5bff454fc1362f86e67cc48b",
 "idShort": 3560,
 "idChecklists": [],
 "labels": [],
 "shortUrl": "https://trello.com/c/yYPn1zdZ",
 "data": {
  "system_settings": "Windows 10 Pro (64-bit), Creators Update (v1709, Build 16299.547)",
  "client_settings": "Canary 0.0.226 (Build 30317)",
  "actual_result": "Even if you don't mark the channel read, clicking unread channels increases memory by 8-10MB for every message that was posted into the channel. This continues until your client crashes.",
  "expected_result": "Going to any channel would keep memory at nominal levels of 250MB.",
  "short_description": "Memory leaks occur every time you click on channels with unread messages [Resubmit of VF Bug]",
  "steps_to_repro": "- Open Task Manager. - Open Discord. - Find a server with unread messages. - Click a channel which has unread messages (even if there are none there). - Observe memory usage in Task Manager."
 }
}