{
 "id": "59718f60dfdc401c8134773e",
 "closed": true,
 "idList": "580e822c24ce2ffdd624a43c",
 "idShort": 1519,
 "idChecklists": [],
 "labels": [
  {
   "id": "5771673884e677fd364b7221",
   "idBoard": "5771673855f47b547f2decc3",
   "name": "P3: Will get fixed eventually",
   "color": "green"
  },
  {
   "id": "59e63698ba5129f6b9a75d0b",
   "idBoard": "5771673855f47b547f2decc3",
   "name": "Mid",
   "color": "lime"
  }
 ],
 "shortUrl": "https://trello.com/c/yZ00MP1u",
 "data": {
  "system_settings": "fedora 26, KDE Plasma",
  "client_settings": "Discord Stable Web Build, Chrome 59.0.3071.115",
  "actual_result": "No sound plays",
  "expected_result": "Ping sound should play to notify you of the message",
  "short_description": "Being pinged doesn't play sound",
  "steps_to_repro": "- Be in a text channel - Have the channel muted - don't have the window selected - Get pinged and sound should play"
 }
}