{
 "id": "598fb7839c6a1d4cd7c0401f",
 "closed": true,
 "idList": "577167f59d3739f090f8fab2",
 "idShort": 979,
 "idChecklists": [],
 "labels": [
  {
   "id": "5771673884e677fd364b7221",
   "idBoard": "5771673855f47b547f2decc3",
   "name": "P3: Will get fixed eventually",
   "color": "green"
  }
 ],
 "shortUrl": "https://trello.com/c/z6nOxuVN",
 "data": {
  "system_settings": "macOS Sierra 10.12.6, MacBook Pro (2016)",
  "client_settings": "Discord Canary 0.0.154",
  "actual_result": "Jump to message button missing",
  "expected_result": "There should be a jump to message button. If such search results are not intended, you should remove them.",
  "short_description": "[Blocked] Search: Jump to message button missing for system messages",
  "steps_to_repro": "- Use the date feature of the search (e.g. before specific date) for a channel - Search for a pinned message information - Hover over it"
 }
}