{
 "id": "59d16a674f798f8b313454c8",
 "closed": true,
 "idList": "577167f59d3739f090f8fab2",
 "idShort": 1215,
 "idChecklists": [],
 "labels": [
  {
   "id": "5771673884e677fd364b7221",
   "idBoard": "5771673855f47b547f2decc3",
   "name": "P3: Will get fixed eventually",
   "color": "green"
  }
 ],
 "shortUrl": "https://trello.com/c/z89EgnnE",
 "data": {
  "system_settings": "Windows 10 Home x64 Creators Update",
  "client_settings": "Discord Canary 0.0.164",
  "actual_result": "Doesnt embed, as seen here",
  "expected_result": "Link embeds like normal",
  "short_description": "Writing text, making a new line, then putting an discord.gg invite link doesnt emebed",
  "steps_to_repro": "- type text - newline, paste invite - link doesnt embed"
 }
}