{
 "id": "5b0306586de56e40958a9181",
 "closed": true,
 "idList": "577167f59d3739f090f8fab2",
 "idShort": 2035,
 "idChecklists": [],
 "labels": [
  {
   "id": "5771673884e677fd364b7221",
   "idBoard": "5771673855f47b547f2decc3",
   "name": "P3: Will get fixed eventually",
   "color": "green"
  },
  {
   "id": "59e63698ba5129f6b9a75d0b",
   "idBoard": "5771673855f47b547f2decc3",
   "name": "Mid",
   "color": "lime"
  }
 ],
 "shortUrl": "https://trello.com/c/zBVGUySh",
 "data": {
  "system_settings": "macOS High Sierra 10.13.4",
  "client_settings": "Discord Canary, 0.0.190",
  "actual_result": "does not copy text",
  "expected_result": "should copy text",
  "short_description": "Can not copy when on VC + PTT",
  "steps_to_repro": "- set to PTT - join VC - copy text"
 }
}