{
 "id": "5930805eb1b50afa9218819a",
 "closed": true,
 "idList": "5771678de6092759049c939f",
 "idShort": 704,
 "idChecklists": [],
 "labels": [
  {
   "id": "5771673884e677fd364b7222",
   "idBoard": "5771673855f47b547f2decc3",
   "name": "P2: Fix can wait a while",
   "color": "yellow"
  }
 ],
 "shortUrl": "https://trello.com/c/ZIBo69qs",
 "data": {
  "system_settings": "Windows 10 Home",
  "client_settings": "Desktop Canary 0.0.155",
  "actual_result": "Discord reloads itself",
  "expected_result": "You can watch it prefectly and it doesn't die",
  "short_description": "When you watch the video and press the download button, discord reloads",
  "steps_to_repro": "- Watch the video - Press downnload - cancel it"
 }
}