{
 "id": "5ad6c8b422069ece33a29573",
 "closed": true,
 "idList": "581286a2c1e6cd4831c862ca",
 "idShort": 1859,
 "idChecklists": [],
 "labels": [
  {
   "id": "5771673884e677fd364b7221",
   "idBoard": "5771673855f47b547f2decc3",
   "name": "P3: Will get fixed eventually",
   "color": "green"
  },
  {
   "id": "59e5a2e56fd14f3240ea3389",
   "idBoard": "5771673855f47b547f2decc3",
   "name": "low",
   "color": "sky"
  }
 ],
 "shortUrl": "https://trello.com/c/zU5PC5QF",
 "data": {
  "system_settings": "Windows 10 Home 64-bit (v1709)",
  "client_settings": "Discord Canary 0.0.204, Build 13817",
  "actual_result": "Role Add modal has a transparent section under/over the Add Role text",
  "expected_result": "No transparent section under/over the Add Role text",
  "short_description": "User Role Add modal transparent under/over the Add Role text",
  "steps_to_repro": "- Have Manage Roles permission - Open a user's Profile Card in the server & click the plus sign"
 }
}