{
 "id": "5b5ba762d8786c60b51de7ff",
 "closed": true,
 "idList": "577167f59d3739f090f8fab2",
 "idShort": 2459,
 "idChecklists": [],
 "labels": [
  {
   "id": "5771673884e677fd364b7221",
   "idBoard": "5771673855f47b547f2decc3",
   "name": "P3: Will get fixed eventually",
   "color": "green"
  },
  {
   "id": "59e5a2e56fd14f3240ea3389",
   "idBoard": "5771673855f47b547f2decc3",
   "name": "low",
   "color": "sky"
  }
 ],
 "shortUrl": "https://trello.com/c/zUqsQofu",
 "data": {
  "system_settings": "Windows 10 Home 64-bit (v1709)",
  "client_settings": "Discord Canary 0.0.211, Build 20088",
  "actual_result": "Clyde's message content is further to the right",
  "expected_result": "Clyde's message content should be inline with regular user messages",
  "short_description": "Clyde's message content isn't inline with regular user messages",
  "steps_to_repro": "- Be using Cozy Mode - Trigger Clyde to send a message (just use /nick for ease) - Observe Clyde's message content"
 }
}